,iso_code,continent,Country,date,total_cases,new_cases,new_cases_smoothed,total_deaths,new_deaths,new_deaths_smoothed,total_cases_per_million,new_cases_per_million,new_cases_smoothed_per_million,total_deaths_per_million,new_deaths_per_million,new_deaths_smoothed_per_million,reproduction_rate,icu_patients,icu_patients_per_million,hosp_patients,hosp_patients_per_million,weekly_icu_admissions,weekly_icu_admissions_per_million,weekly_hosp_admissions,weekly_hosp_admissions_per_million,total_tests,new_tests,total_tests_per_thousand,new_tests_per_thousand,new_tests_smoothed,new_tests_smoothed_per_thousand,positive_rate,tests_per_case,tests_units,total_vaccinations,people_vaccinated,people_fully_vaccinated,total_boosters,new_vaccinations,new_vaccinations_smoothed,total_vaccinations_per_hundred,people_vaccinated_per_hundred,people_fully_vaccinated_per_hundred,total_boosters_per_hundred,new_vaccinations_smoothed_per_million,new_people_vaccinated_smoothed,new_people_vaccinated_smoothed_per_hundred,stringency_index,population,population_density,median_age,aged_65_older,aged_70_older,gdp_per_capita,extreme_poverty,cardiovasc_death_rate,diabetes_prevalence,female_smokers,male_smokers,handwashing_facilities,hospital_beds_per_thousand,life_expectancy,human_development_index,excess_mortality_cumulative_absolute,excess_mortality_cumulative,excess_mortality,excess_mortality_cumulative_per_million,stringency_index_median,stringency_index_mean,Days_pre_pandemic
311,AFG,Asia,Afghanistan,2020-12-31,52330.0,0.0,139.0,2189.0,0.0,9.0,1313.655,0.0,3.489,54.951,0.0,0.226,0.84,,,,,,,,,,,,,,,,,,,,,,,,,,,,,,,12.04,39835428.0,54.422,18.6,2.5810000000000004,1.337,1803.987,,597.029,9.59,,,37.746,0.5,64.83,0.511,,,,,27.78,3.5905385085171773,82
1072,OWID_AFR,,Africa,2020-12-31,2760454.0,29789.0,23078.857000000004,65468.0,699.0,576.714,2009.815,21.689,16.803,47.666000000000004,0.509,0.42,,,,,,,,,,,,,,,,,,,,,,,,,,,,,,,,,1373486472.0,,,,,,,,,,,,,,,,,,,,,81
1821,ALB,Europe,Albania,2020-12-31,58316.0,589.0,498.42900000000003,1181.0,7.0,8.0,20298.413,205.017,173.49099999999999,411.07800000000003,2.437,2.785,0.94,,,,,,,,,247526.0,2350.0,86.15799999999999,0.818,2208.0,0.769,0.2257,4.4,tests performed,,,,,,,,,,,,,,56.48,2872934.0,104.87100000000001,38.0,13.187999999999999,8.642999999999999,11803.431,1.1,304.195,10.08,7.1,51.2,,2.89,78.57,0.795,5812.4,26.67,54.6,2023.15820690625,56.48,4.0241386245410915,69
2570,DZA,Africa,Algeria,2020-12-31,99610.0,299.0,371.85699999999997,2756.0,5.0,7.2860000000000005,2232.576,6.702000000000001,8.334,61.771,0.11199999999999999,0.163,0.73,,,,,,,,,,,,,,,,,,,,,,,,,,,,,,,72.22,44616626.0,17.348,29.1,6.211,3.8569999999999998,13913.839,0.5,278.36400000000003,6.73,0.7,30.4,83.741,1.9,76.88,0.748,49888.7,26.86,29.47,1118.16388805375,70.83,4.157305426842603,74
3313,AND,Europe,Andorra,2020-12-31,8049.0,66.0,50.0,84.0,0.0,0.14300000000000002,104054.089,853.22,646.379,1085.917,0.0,1.847,1.08,,,,,,,,,,,,,545.0,7.046,0.0917,10.9,tests performed,,,,,,,,,,,,,,52.78,77354.0,163.755,,,,,,109.135,7.97,29.0,37.8,,,83.73,0.868,89.6,27.2,31.41,1158.3111409881801,50.0,3.8659332543590366,61
4038,AGO,Africa,Angola,2020-12-31,17553.0,120.0,74.857,405.0,0.0,1.714,517.275,3.536,2.206,11.935,0.0,0.051,0.95,,,,,,,,,,,,,,,,,,,,,,,,,,,,,,,65.74,33933611.0,23.89,16.8,2.405,1.3619999999999999,5819.495,,276.045,3.94,,,26.664,,61.15,0.581,,,,,62.96,4.171323442533339,122
4755,AIA,North America,Anguilla,2020-12-31,13.0,0.0,0.28600000000000003,,,,859.5039999999999,0.0,18.89,,,,,,,,,,,,,,,,,,,,,,,,,,,,,,,,,,,,15125.0,,,,,,,,,,,,,81.88,,,,,,,,87
5487,ATG,North America,Antigua and Barbuda,2020-12-31,159.0,1.0,0.7140000000000001,5.0,0.0,0.0,1610.485,10.129,7.235,50.644,0.0,0.0,0.68,,,,,,,,,,,,,52.0,0.527,0.0137,72.8,tests performed,,,,,,,,,,,,,,,98728.0,231.845,32.1,6.933,4.631,21490.943,,191.511,13.17,,,,3.8,77.02,0.778,-57.8,-9.15,-20.16,-585.446884369176,,,72
6291,ARG,South America,Argentina,2020-12-31,1625514.0,11586.0,8807.0,43245.0,82.0,133.0,35642.685,254.047,193.111,948.2339999999999,1.798,2.9160000000000004,1.2,,,,,,,,,5126237.0,34858.0,112.40299999999999,0.764,34273.0,0.752,0.217,4.6,tests performed,32013.0,,,,,15656.0,0.07,,,,343.0,,,79.17,45605823.0,16.177,31.9,11.198,7.441,18933.907,0.6,191.032,5.5,16.2,27.7,,5.0,76.67,0.845,41948.2,12.45,28.58,919.799210727981,77.31,4.214399647050057,75
7062,ARM,Asia,Armenia,2020-12-31,159409.0,531.0,466.714,2823.0,16.0,15.571,53706.916,178.90099999999998,157.24200000000002,951.105,5.391,5.246,0.64,,,,,,,,,595876.0,1973.0,200.75799999999998,0.665,2443.0,0.823,0.174,5.7,tests performed,,,,,,,,,,,,,,,2968128.0,102.931,35.7,11.232000000000001,7.571000000000001,8787.58,1.8,341.01,7.11,1.5,52.1,94.04299999999999,4.2,75.09,0.7759999999999999,10024.0,39.55,89.69,3377.21284257283,,,71
7794,ABW,North America,Aruba,2020-12-31,5489.0,47.0,33.143,49.0,0.0,0.28600000000000003,51205.747,438.45300000000003,309.183,457.111,0.0,2.665,,,,,,,,,,,,,,,,,,,,,,,,,,,,,,,,31.48,107195.0,584.8,41.2,13.085,7.452000000000001,35973.781,,,11.62,,,,,76.29,,60.8,8.91,-6.1,567.190633891506,43.52,3.834524803653624,72
8577,OWID_ASI,,Asia,2020-12-31,20715879.0,85114.0,79141.0,337852.0,1217.0,1324.5710000000001,4427.941,18.192999999999998,16.916,72.215,0.26,0.28300000000000003,,,,,,,,,,,,,,,,,,,5559624.0,1057118.0,6.0,,161311.0,304017.0,0.12,0.02,0.0,,65.0,114045.0,0.002,,4678444992.0,,,,,,,,,,,,,,,,,,,,,27
9356,AUS,Oceania,Australia,2020-12-31,28425.0,20.0,21.570999999999998,909.0,0.0,0.14300000000000002,1102.248,0.7759999999999999,0.836,35.249,0.0,0.006,1.09,0.0,0.0,19.0,0.737,,,,,11260636.0,54809.0,436.658,2.125,49053.0,1.902,0.0004,2274.0,tests performed,,,,,,,,,,,,,,70.83,25788217.0,3.202,37.9,15.504000000000001,10.129,44648.71,0.5,107.791,5.07,13.0,16.5,,3.84,83.44,0.9440000000000001,,,,,65.28,4.092020773249408,60
10105,AUT,Europe,Austria,2020-12-31,360815.0,2913.0,1944.4289999999999,6222.0,73.0,68.143,39899.605,322.125,215.019,688.041,8.072000000000001,7.535,0.97,396.0,43.79,2342.0,258.983,,,,,,,,,9743.0,1.077,,,tests performed,,,,,,,,,,,,,,82.41,9043072.0,106.749,44.4,19.202,13.748,45436.685999999994,0.7,145.183,6.35,28.4,30.9,,7.37,81.54,0.922,,,,,60.19,4.105324941322585,60
10849,AZE,Asia,Azerbaijan,2020-12-31,218700.0,1064.0,1234.143,2641.0,32.0,37.286,21392.217999999997,104.07600000000001,120.71799999999999,258.33,3.13,3.647,0.46,,,,,,,,,,,,,,,,,,,,,,,,,,,,,,,84.26,10223344.0,119.309,32.4,6.018,3.8710000000000004,15847.419,,559.812,7.11,0.3,42.5,83.241,4.7,73.0,0.7559999999999999,19200.0,34.01,202.07,1878.0547734674699,69.44,4.221226652678324,69
11578,BHS,North America,Bahamas,2020-12-31,7871.0,14.0,11.857000000000001,170.0,0.0,0.14300000000000002,19830.492,35.272,29.873,428.30400000000003,0.0,0.36,1.05,,,,,,,,,,,,,,,,,,,,,,,,,,,,,,,68.98,396914.0,39.497,34.3,8.996,5.2,27717.847,,235.954,13.17,3.1,20.4,,2.9,73.92,0.8140000000000001,,,,,68.06,4.168705486815423,75
12328,BHR,Asia,Bahrain,2020-12-31,92675.0,250.0,229.28599999999997,352.0,0.0,0.28600000000000003,53008.789000000004,142.996,131.148,201.33900000000003,0.0,0.163,1.17,,,,,,,,,2355313.0,9988.0,1347.2060000000001,5.712999999999999,9129.0,5.222,0.0251,39.8,units unclear,58643.0,58643.0,,,1326.0,1225.0,3.35,3.35,,,701.0,1225.0,0.07,50.93,1748295.0,1935.9070000000002,32.4,2.372,1.3869999999999998,43290.705,,151.689,16.52,5.8,37.6,,2.0,77.29,0.852,,,,,54.63,3.984599138248188,55
13065,BGD,Asia,Bangladesh,2020-12-31,513510.0,1014.0,1058.286,7559.0,28.0,25.857,3087.788,6.097,6.364,45.453,0.168,0.155,0.83,,,,,,,,,3228434.0,13254.0,19.413,0.08,13135.0,0.079,0.0806,12.4,tests performed,,,,,,,,,,,,,,80.09,166303494.0,1265.036,27.5,5.098,3.262,3523.9840000000004,14.8,298.003,8.38,1.0,44.7,34.808,0.8,72.59,0.632,,,,,80.09,4.271722893416483,98
13793,BRB,North America,Barbados,2020-12-31,383.0,11.0,5.428999999999999,7.0,0.0,0.0,1331.211,38.233000000000004,18.868,24.33,0.0,0.0,1.22,,,,,,,,,,,,,,,,,,,,,,,,,,,,,,,48.15,287708.0,664.4630000000001,39.8,14.952,9.472999999999999,16978.068,,170.05,13.57,1.9,14.5,88.469,5.8,79.19,0.8140000000000001,-109.6,-3.88,7.97,-380.941788201927,64.81,4.0904954740983115,76
14539,BLR,Europe,Belarus,2020-12-31,194284.0,1923.0,1881.5710000000001,1424.0,10.0,9.429,20574.683999999997,203.646,199.25799999999998,150.80200000000002,1.0590000000000002,0.998,0.99,,,,,,,,,,,,,20061.0,2.124,0.0938,10.7,tests performed,,,,,,403.0,,,,,43.0,403.0,0.004,42.59,9442867.0,46.858000000000004,40.3,14.799000000000001,9.788,17167.967,,443.129,5.18,10.5,46.1,,11.0,74.79,0.823,23869.0,19.78,71.42,2527.7280724169896,31.48,3.440680142006908,71
15309,BEL,Europe,Belgium,2020-12-31,646496.0,2254.0,1656.0,19528.0,87.0,70.0,55577.496,193.77,142.362,1678.769,7.479,6.018,0.92,494.0,42.468,2187.0,188.01,,,1066.0,91.641,6966831.0,30557.0,598.919,2.627,25477.0,2.19,0.07200000000000001,13.9,tests performed,955.0,953.0,21.0,,47.0,205.0,0.01,0.01,0.0,,18.0,205.0,0.002,60.19,11632334.0,375.564,41.8,18.570999999999998,12.849,42658.575999999994,0.2,114.898,4.29,25.1,31.4,,5.64,81.63,0.9309999999999999,,,,,50.93,3.983879657495757,62
16031,BLZ,North America,Belize,2020-12-31,10776.0,52.0,40.857,248.0,6.0,2.8569999999999998,26612.993,128.422,100.90299999999999,612.474,14.818,7.056,0.74,,,,,,,,,,,,,,,,,,,,,,,,,,,,,,,72.22,404915.0,16.426,25.0,3.853,2.279,7824.361999999999,,176.957,17.11,,,90.083,1.3,74.62,0.716,127.6,6.28,51.1,315.127866342319,69.44,4.209342765586506,82
16760,BEN,Africa,Benin,2020-12-31,3251.0,0.0,6.571000000000001,44.0,0.0,0.0,261.103,0.0,0.528,3.534,0.0,0.0,0.83,,,,,,,,,,,,,,,,,,,,,,,,,,,,,,,35.19,12451031.0,99.11,18.8,3.2439999999999998,1.942,2064.236,49.6,235.84799999999998,0.99,0.6,12.3,11.035,0.5,61.77,0.545,,,,,41.67,3.781438944632883,91
17486,BMU,North America,Bermuda,2020-12-31,604.0,9.0,6.2860000000000005,10.0,0.0,0.14300000000000002,9727.501,144.946,101.23200000000001,161.05100000000002,0.0,2.301,,,,,,,,,,,,,,,,,,,,,,,,,,,,,,,,61.11,62092.0,1308.82,,,,50669.315,,139.547,13.0,,,,,82.59,,15.4,2.8,-1.1,248.01906847903098,47.22,3.9450243416948507,78
18225,BTN,Asia,Bhutan,2020-12-31,670.0,15.0,21.570999999999998,,,,859.084,19.233,27.659000000000002,,,,1.07,,,,,,,,,281699.0,7339.0,361.199,9.41,6189.0,7.936,0.0035,286.9,samples tested,,,,,,,,,,,,,,81.94,779900.0,21.188000000000002,28.6,4.885,2.977,8708.597,1.5,217.06599999999997,9.75,,,79.807,1.7,71.78,0.654,,,,,68.52,4.212845351393635,65
18959,BOL,South America,Bolivia,2020-12-31,160124.0,1752.0,1000.429,9165.0,16.0,12.714,13532.06,148.061,84.546,774.533,1.3519999999999999,1.074,1.4,,,,,,,,,413924.0,3448.0,34.981,0.29100000000000004,2501.0,0.21100000000000002,0.4,2.5,tests performed,,,,,,,,,,,,,,52.78,11832936.0,10.202,25.4,6.704,4.393,6885.829000000001,7.1,204.299,6.89,,,25.383000000000003,1.1,71.51,0.718,22614.8,42.92,6.42,1911.1740315336801,47.22,3.982541718187562,77
19671,BES,North America,Bonaire Sint Eustatius and Saba,2020-12-31,196.0,10.0,2.0,3.0,0.0,0.0,7411.609,378.14300000000003,75.62899999999999,113.443,0.0,0.0,,,,,,,,,,,,,,,,,,,,,,,,,,,,,,,,,26445.0,,,,,,,,,,,,,77.79,,,,,,,,92
20411,BIH,Europe,Bosnia and Herzegovina,2020-12-31,110985.0,0.0,383.85699999999997,4050.0,0.0,,34008.394,0.0,117.62299999999999,1241.015,0.0,,0.85,,,,,,,,,514380.0,2440.0,157.618,0.748,2494.0,0.764,0.1539,6.5,tests performed,,,,,,,,,,,,,,42.59,3263459.0,68.49600000000001,42.5,16.569000000000003,10.710999999999999,11713.895,0.2,329.635,10.08,30.2,47.7,97.164,3.5,77.4,0.78,6595.8,18.22,94.24,2021.10705236376,42.59,3.8308076231735164,69
21126,BWA,Africa,Botswana,2020-12-31,14805.0,105.0,111.429,42.0,2.0,0.28600000000000003,6175.852,43.8,46.482,17.52,0.8340000000000001,0.11900000000000001,1.35,,,,,,,,,,,,,2436.0,1.016,0.0457,21.9,tests performed,,,,,,,,,,,,,,56.48,2397240.0,4.044,25.8,3.9410000000000003,2.242,15807.374,,237.372,4.81,5.7,34.4,,1.8,69.59,0.735,,,,,57.41,3.9472874225598376,89
21874,BRA,South America,Brazil,2020-12-31,7681032.0,54469.0,35743.857,195072.0,1016.0,705.2860000000001,35893.773,254.53599999999997,167.032,911.579,4.748,3.2960000000000003,0.98,,,,,,,,,29244757.0,74184.0,136.662,0.34700000000000003,275097.0,1.286,,,tests performed,,,,,,,,,,,,,,64.35,213993441.0,25.04,33.5,8.552,5.06,14103.452,3.4,177.96099999999998,8.11,10.1,17.9,,2.2,75.88,0.765,217558.4,15.95,25.11,1016.6591975125099,63.43,4.150592442693967,76
22591,VGB,North America,British Virgin Islands,2020-12-31,86.0,0.0,0.0,1.0,0.0,0.0,2826.809,0.0,0.0,32.87,0.0,0.0,,,,,,,,,,,,,,,,,,,,,,,,,,,,,,,,,30423.0,207.97299999999998,,,,,,,13.67,,,,,79.07,,,,,,,,87
23327,BRN,Asia,Brunei,2020-12-31,157.0,0.0,0.7140000000000001,3.0,0.0,0.0,355.58,0.0,1.618,6.795,0.0,0.0,0.13,,,,,,,,,,,,,,,,,,,,,,,,,,,,,,,35.19,441532.0,81.347,32.4,4.591,2.3819999999999997,71809.25099999999,,201.285,12.79,2.0,30.9,,2.7,75.86,0.838,-16.8,-0.95,-7.41,-38.049337307375204,40.74,3.9154631304532135,68
24064,BGR,Europe,Bulgaria,2020-12-31,202266.0,1046.0,801.143,7576.0,61.0,79.0,29328.131,151.668,116.164,1098.504,8.845,11.455,0.75,467.0,67.714,4831.0,700.485,,,,,1149545.0,8473.0,166.68200000000002,1.229,4582.0,0.664,0.1748,5.7,tests performed,,,,,,1477.0,,,,,214.0,1477.0,0.021,53.7,6896655.0,65.18,44.7,20.801,13.272,18563.307,1.5,424.68800000000005,5.81,30.1,44.4,,7.454,75.05,0.816,,,,,48.15,3.8666750105976027,70
24799,BFA,Africa,Burkina Faso,2020-12-31,6707.0,76.0,109.429,85.0,1.0,1.143,311.996,3.535,5.09,3.9539999999999997,0.047,0.053,1.11,,,,,,,,,,,,,,,,,,,,,,,,,,,,,,,13.89,21497097.0,70.15100000000001,17.6,2.4090000000000003,1.358,1703.102,43.7,269.048,2.42,1.6,23.9,11.877,0.4,61.58,0.452,,,,,22.22,3.3615094853217196,78
25513,BDI,Africa,Burundi,2020-12-31,818.0,9.0,6.428999999999999,2.0,0.0,0.0,66.74600000000001,0.7340000000000001,0.525,0.163,0.0,0.0,1.15,,,,,,,,,,,,,,,,,,,,,,,,,,,,,,,14.81,12255429.0,423.06199999999995,17.5,2.562,1.504,702.225,71.7,293.068,6.05,,,6.144,0.8,61.58,0.433,,,,,14.81,2.7051350651300368,122
26291,KHM,Asia,Cambodia,2020-12-31,378.0,12.0,2.1430000000000002,,,,22.305999999999997,0.708,0.126,,,,0.65,,,,,,,,,,,,,,,,,,,,,,,,,,,,,,,54.63,16946446.0,90.67200000000001,25.6,4.412,2.385,3645.07,,270.892,4.0,2.0,33.7,66.229,0.8,69.82,0.594,,,,,54.63,3.9266853948095006,76
27030,CMR,Africa,Cameroon,2020-12-31,26277.0,0.0,0.0,448.0,0.0,0.0,965.205,0.0,0.0,16.456,0.0,0.0,0.61,,,,,,,,,,,,,,,,,,,,,,,,,,,,,,,20.37,27224262.0,50.885,18.8,3.165,1.919,3364.926,23.8,244.66099999999997,7.2,,,2.735,1.3,59.29,0.563,,,,,35.19,3.663077709422523,81
27812,CAN,North America,Canada,2020-12-31,590249.0,6995.0,6747.0,16685.0,117.0,135.0,15505.158000000001,183.75099999999998,177.236,438.296,3.073,3.5460000000000003,1.06,816.0,21.435,4187.0,109.988,,,,,17965095.0,100903.0,471.92199999999997,2.6510000000000002,99420.0,2.612,0.0679,14.7,tests performed,98442.0,98440.0,2.0,,12945.0,7528.0,0.26,0.26,0.0,,198.0,7528.0,0.02,72.69,38067913.0,4.037,41.4,16.984,10.797,44017.59099999999,0.5,105.59899999999999,7.37,12.0,16.6,,2.5,82.43,0.929,,,,,70.83,4.194931765345769,61
28537,CPV,Africa,Cape Verde,2020-12-31,11840.0,47.0,21.714000000000002,113.0,1.0,0.14300000000000002,21071.327999999998,83.645,38.644,201.10299999999998,1.78,0.254,1.18,,,,,,,,,,,,,,,,,tests performed,,,,,,,,,,,,,,64.81,561901.0,135.58,25.7,4.46,3.437,6222.554,,182.21900000000002,2.42,2.1,16.5,,2.1,72.98,0.665,,,,,59.26,4.116484614974421,79
29269,CYM,North America,Cayman Islands,2020-12-31,338.0,8.0,2.8569999999999998,2.0,0.0,0.0,5082.86,120.304,42.966,30.076,0.0,0.0,,,,,,,,,,,,,,,,,,,,,,,,275.0,,,,,4135.0,195.0,0.293,,66498.0,256.496,,,,49903.029,,,13.22,,,,,83.92,,,,,,,,72
29999,CAF,Africa,Central African Republic,2020-12-31,4963.0,0.0,2.1430000000000002,63.0,0.0,0.0,1008.743,0.0,0.436,12.805,0.0,0.0,0.24,,,,,,,,,,,,,,,,,,,,,,,,,,,,,,,16.67,4919987.0,7.479,18.3,3.655,2.251,661.24,,435.727,6.1,,,16.602999999999998,1.0,53.28,0.397,,,,,22.22,3.4194045924508507,93
30725,TCD,Africa,Chad,2020-12-31,2113.0,36.0,22.143,104.0,0.0,0.28600000000000003,124.919,2.128,1.3090000000000002,6.148,0.0,0.017,1.29,,,,,,,,,,,,,,,,,,,,,,,,,,,,,,,61.11,16914985.0,11.833,16.7,2.4859999999999998,1.446,1768.1529999999998,38.4,280.995,6.1,,,5.818,,54.24,0.39799999999999996,,,,,32.41,3.808881616595109,102
31476,CHL,South America,Chile,2020-12-31,608973.0,2023.0,2117.286,16608.0,109.0,43.571000000000005,31696.936,105.29700000000001,110.204,864.443,5.672999999999999,2.2680000000000002,1.18,766.0,39.87,,,366.0,19.05,1318.0,68.602,6443459.0,42570.0,335.381,2.2159999999999997,34018.0,1.771,0.0622,16.1,tests performed,8649.0,8649.0,,,0.0,1176.0,0.05,0.05,,,61.0,1176.0,0.006,79.17,19212362.0,24.281999999999996,35.4,11.087,6.938,22767.037,1.3,127.993,8.46,34.2,41.5,,2.11,80.18,0.851,,,,,78.24,4.190249312708982,67
32259,CHN,Asia,China,2020-12-31,87071.0,19.0,22.570999999999998,4634.0,0.0,0.0,60.288999999999994,0.013000000000000001,0.016,3.2089999999999996,0.0,0.0,0.92,,,,,,,,,,,,,,,,,,4500000.0,,,,,187500.0,0.31,,,,130.0,,,78.24,1444216102.0,147.674,38.7,10.640999999999998,5.928999999999999,15308.712,0.7,261.899,9.74,1.9,48.4,,4.34,76.91,0.7609999999999999,,,,,75.46,4.270256733830874,25
32998,COL,South America,Colombia,2020-12-31,1642775.0,16314.0,11858.428999999998,43213.0,304.0,251.28599999999997,32044.242000000002,318.224,231.312,842.92,5.93,4.902,1.05,,,,,,,,,8104617.0,83388.0,158.09,1.6269999999999998,53924.0,1.052,0.258,3.9,tests performed,,,,,,,,,,,,,,60.19,51265841.0,44.223,32.2,7.646,4.312,13254.948999999999,4.5,124.24,7.44,4.7,13.5,65.38600000000001,1.71,77.29,0.767,,,,,65.74,4.20608722033772,75
33682,COM,Africa,Comoros,2020-12-31,823.0,58.0,15.429,10.0,1.0,0.429,926.326,65.282,17.366,11.255,1.126,0.48200000000000004,1.06,,,,,,,,,,,,,,,,,,,,,,,,,,,,,,,,888456.0,437.352,20.4,2.963,1.726,1413.89,18.1,261.51599999999996,11.88,4.4,23.6,15.574000000000002,2.2,64.32,0.5539999999999999,,,,,,,120
34412,COG,Africa,Congo,2020-12-31,7107.0,199.0,76.571,108.0,1.0,1.143,1256.316,35.178000000000004,13.536,19.090999999999998,0.177,0.20199999999999999,0.46,,,,,,,,,,,,,,,,,,,,,,,,,,,,,,,49.07,5657017.0,15.405,19.0,3.4019999999999997,2.063,4881.406,37.0,344.094,7.2,1.7,52.3,47.964,,64.57,0.574,,,,,50.93,3.975714175964331,88
35449,CRI,North America,Costa Rica,2020-12-31,169321.0,1207.0,904.429,2185.0,14.0,14.142999999999999,32947.899,234.868,175.99099999999999,425.176,2.7239999999999998,2.752,1.08,,,,,,,,,427761.0,2871.0,83.23700000000001,0.5589999999999999,2318.0,0.451,0.331,3.0,people tested,,,,,,240.0,,,,,47.0,240.0,0.005,63.89,5139053.0,96.079,33.6,9.468,5.694,15524.995,1.3,137.97299999999998,8.78,6.4,17.4,83.84100000000001,1.13,80.28,0.81,920.8,3.64,23.87,179.17698066161202,56.48,4.088835674819996,68
36183,CIV,Africa,Cote d'Ivoire,2020-12-31,22490.0,124.0,59.857,137.0,0.0,0.5710000000000001,831.312,4.583,2.213,5.064,0.0,0.021,1.53,,,,,,,,,258506.0,1857.0,9.555,0.069,1179.0,0.044000000000000004,0.0508,19.7,tests performed,,,,,,,,,,,,,,15.74,27053629.0,76.399,18.7,2.9330000000000003,1.5819999999999999,3601.006,28.2,303.74,2.42,,,19.351,,57.78,0.5379999999999999,,,,,25.0,3.433801417381075,83
36932,HRV,Europe,Croatia,2020-12-31,210837.0,2391.0,1216.857,3920.0,60.0,65.143,51654.757000000005,585.7919999999999,298.128,960.3939999999999,14.7,15.96,0.72,,,2524.0,618.376,,,,,1019109.0,8441.0,249.68,2.068,5180.0,1.2690000000000001,0.2349,4.3,people tested,,,,,,1105.0,,,,,271.0,1105.0,0.027000000000000003,67.59,4081657.0,73.726,44.0,19.724,13.052999999999999,22669.797000000002,0.7,253.782,5.59,34.3,39.9,,5.54,78.49,0.851,,,,,40.74,3.8167139956911624,58
37665,CUB,North America,Cuba,2020-12-31,11863.0,176.0,163.714,146.0,1.0,1.0,1048.2,15.550999999999998,14.466,12.9,0.08800000000000001,0.08800000000000001,1.19,,,,,,,,,1490767.0,14094.0,131.722,1.245,13774.0,1.217,0.0119,84.1,tests performed,,,,,,,,,,,,,,56.48,11317498.0,110.40799999999999,43.1,14.738,9.719,,,190.968,8.27,17.1,53.3,85.198,5.2,78.8,0.7829999999999999,495.2,0.44,14.83,43.7552540322958,68.52,4.194856981191461,79
38396,CUW,North America,Curacao,2020-12-31,4260.0,30.0,23.0,14.0,0.0,0.28600000000000003,25850.142000000003,182.043,139.566,84.954,0.0,1.734,,,,,,,,,,,,,,,,,,,,,,,,,,,,,,,,,164796.0,362.644,41.7,16.367,10.068,,,,11.62,,,,,78.88,,,,,,,,73
39133,CYP,Europe,Cyprus,2020-12-31,22346.0,1031.0,494.714,120.0,2.0,2.1430000000000002,24939.592999999997,1150.663,552.133,133.928,2.2319999999999998,2.392,1.23,27.0,30.134,160.0,178.57,,,,,1037630.0,12643.0,1158.063,14.11,10363.0,11.565999999999999,0.0477,20.9,tests performed,,,,,,,,,,,,,,74.07,896005.0,127.65700000000001,37.3,13.415999999999999,8.562999999999999,32415.132,,141.171,9.24,19.6,52.7,,3.4,80.98,0.887,,,,,51.85,4.068492191094534,69
39877,CZE,Europe,Czechia,2020-12-31,718661.0,17039.0,8314.286,11580.0,151.0,114.85700000000001,67010.812,1588.7839999999999,775.257,1079.765,14.08,10.71,1.28,974.0,90.82,6163.0,574.663,530.0,49.419,5308.0,494.939,4218752.0,47189.0,393.37300000000005,4.4,44719.0,4.17,0.215,4.7,tests performed,11892.0,11891.0,1.0,,1311.0,2651.0,0.11,0.11,0.0,,247.0,2651.0,0.025,73.15,10724553.0,137.17600000000002,43.3,19.027,11.58,32605.906000000003,,227.485,6.82,30.5,38.3,,6.63,79.38,0.9,,,,,41.67,3.9145355190973823,64
40611,COD,Africa,Democratic Republic of Congo,2020-12-31,17658.0,282.0,196.571,591.0,7.0,2.571,191.149,3.053,2.128,6.398,0.076,0.027999999999999997,1.1,,,,,,,,,,718.0,,0.008,525.0,0.006,0.3744,2.7,samples tested,,,,,,,,,,,,,,26.85,92377986.0,35.879,17.0,3.02,1.745,808.133,77.1,318.949,6.1,,,4.4719999999999995,,60.68,0.48,,,,,40.74,3.815468113614079,90
41383,DNK,Europe,Denmark,2020-12-31,163479.0,2249.0,2448.286,1298.0,42.0,26.285999999999998,28121.539,386.871,421.152,223.28099999999998,7.225,4.522,0.85,132.0,22.706999999999997,879.0,151.205,,,1049.0,180.44799999999998,10540241.0,34462.0,1813.125,5.928,77912.0,13.402000000000001,0.0314,31.8,tests performed,31745.0,31744.0,1.0,,5445.0,4532.0,0.55,0.55,0.0,,780.0,4531.0,0.078,51.85,5813302.0,136.52,42.3,19.677,12.325,46682.515,0.2,114.76700000000001,6.41,19.3,18.8,,2.5,80.9,0.94,,,,,50.93,3.8536446381887384,62
42110,DJI,Africa,Djibouti,2020-12-31,5831.0,7.0,4.428999999999999,61.0,0.0,0.0,5818.217,6.985,4.419,60.86600000000001,0.0,0.0,1.06,,,,,,,,,,,,,,,,,,,,,,,,,,,,,,,43.52,1002197.0,41.285,25.4,4.213,2.38,2705.406,22.5,258.03700000000003,6.05,1.7,24.5,,1.4,67.11,0.524,,,,,43.52,3.9065981385931843,82
42833,DMA,North America,Dominica,2020-12-31,88.0,0.0,0.0,,,,1219.309,0.0,0.0,,,,,,,,,,,,,,,,,,,,,,,,,,,,,,,,,,,25.93,72172.0,98.56700000000001,,,,9673.367,,227.37599999999998,11.62,,,,3.8,75.0,0.742,,,,,37.04,3.837877581780493,81
43577,DOM,North America,Dominican Republic,2020-12-31,170785.0,1206.0,1018.7139999999999,2414.0,5.0,1.429,15591.515,110.1,93.00200000000001,220.382,0.456,0.13,1.11,,,,,,,,,876244.0,6384.0,79.995,0.583,3737.0,0.341,0.2726,3.7,samples tested,,,,,,,,,,,,,,70.37,10953714.0,222.873,27.6,6.981,4.419,14600.861,1.6,266.653,8.2,8.5,19.1,55.181999999999995,1.6,74.08,0.7559999999999999,,,,,67.59,4.161030063631995,73
44321,ECU,South America,Ecuador,2020-12-31,212512.0,1000.0,643.143,14034.0,11.0,8.142999999999999,11879.828000000001,55.902,35.953,784.528,0.615,0.455,1.12,,,,,,,,,700284.0,2697.0,39.147,0.151,2631.0,0.147,0.2444,4.1,people tested,,,,,,,,,,,,,,73.15,17888474.0,66.939,28.1,7.104,4.458,10581.936000000002,3.6,140.44799999999998,5.55,2.0,12.3,80.635,1.5,77.01,0.759,,,,,63.66,4.1877502332824035,73
45081,EGY,Africa,Egypt,2020-12-31,138062.0,1418.0,1295.5710000000001,7631.0,55.0,53.0,1324.23,13.600999999999999,12.427,73.193,0.528,0.508,1.29,,,,,,,,,,,,,,,,,,,,,,,,,,,,,,,65.74,104258327.0,97.999,25.3,5.159,2.891,10550.206,1.3,525.432,17.31,0.2,50.1,89.82700000000001,1.6,71.99,0.7070000000000001,105580.2,18.83,29.7,1012.6788242055699,54.63,3.9831598504189536,73
45807,SLV,North America,El Salvador,2020-12-31,46242.0,282.0,231.857,1327.0,0.0,6.2860000000000005,7093.963000000001,43.261,35.569,203.574,0.0,0.9640000000000001,1.03,,,,,,,,,621580.0,2441.0,95.35600000000001,0.374,2086.0,0.32,0.111,9.0,tests performed,,,,,,,,,,,,,,47.22,6518500.0,307.811,27.6,8.273,5.417000000000001,7292.4580000000005,2.2,167.295,8.87,2.5,18.8,90.65,1.3,73.32,0.6729999999999999,,,,,42.59,3.917489865670058,84
46537,GNQ,Africa,Equatorial Guinea,2020-12-31,5277.0,13.0,5.857,86.0,0.0,0.14300000000000002,3639.5840000000003,8.966000000000001,4.04,59.315,0.0,0.099,0.86,,,,,,,,,,,,,,,,,,,,,,,,,,,,,,,,1449891.0,45.193999999999996,22.4,2.846,1.7519999999999998,22604.873,,202.812,7.78,,,24.64,2.1,58.74,0.5920000000000001,,,,,,,77
47261,ERI,Africa,Eritrea,2020-12-31,1320.0,68.0,52.714,3.0,2.0,0.28600000000000003,366.51800000000003,18.881,14.637,0.833,0.555,0.079,1.23,,,,,,,,,,,,,,,,,,,,,,,,,,,,,,,89.81,3601462.0,44.303999999999995,19.3,3.6069999999999998,2.171,1510.4589999999998,,311.11,6.05,0.2,11.4,,0.7,66.32,0.45899999999999996,,,,,82.41,4.300056397165184,84
48032,EST,Europe,Estonia,2020-12-31,27990.0,734.0,568.714,229.0,3.0,4.857,21121.531000000003,553.884,429.157,172.80599999999998,2.2640000000000002,3.665,1.04,41.0,30.939,406.0,306.372,,,,,640669.0,3577.0,483.455,2.699,4187.0,3.16,0.1358,7.4,tests performed,2475.0,2475.0,50.0,,586.0,571.0,0.19,0.19,0.0,,431.0,571.0,0.043,55.56,1325188.0,31.033,42.7,19.452,13.491,29481.252,0.5,255.56900000000002,4.02,24.5,39.3,,4.69,78.74,0.892,,,,,37.96,3.684968474121411,62
48763,SWZ,Africa,Eswatini,2020-12-31,9358.0,212.0,189.429,205.0,21.0,7.2860000000000005,7982.128000000001,180.83,161.578,174.86,17.912,6.215,1.28,,,,,,,,,,,,,,,,,,,,,,,,,,,,,,,59.26,1172369.0,79.492,21.5,3.1630000000000003,1.845,7738.975,,333.436,3.94,1.7,16.5,24.096999999999998,2.1,60.19,0.611,,,,,61.11,4.162377185908473,81
49495,ETH,Africa,Ethiopia,2020-12-31,124264.0,408.0,409.286,1923.0,5.0,5.857,1054.191,3.4610000000000003,3.472,16.314,0.042,0.05,0.95,,,,,,,,,1800236.0,5547.0,15.272,0.047,5341.0,0.045,0.0766,13.0,tests performed,,,,,,,,,,,,,,51.85,117876226.0,104.95700000000001,19.8,3.5260000000000002,2.063,1729.9270000000001,26.7,182.63400000000001,7.47,0.4,8.5,7.96,0.3,66.6,0.485,,,,,43.52,3.987737064183187,115
50277,OWID_EUR,,Europe,2020-12-31,23868441.0,278648.0,206051.143,545550.0,5137.0,4469.286,31868.652000000002,372.045,275.115,728.4069999999999,6.859,5.9670000000000005,,,,,,,,,,,,,,,,,,,497041.0,494959.0,966.0,1.0,109055.0,170624.0,0.07,0.07,0.0,0.0,228.0,164051.0,0.022000000000000002,,748962983.0,,,,,,,,,,,,,,,,,,,,,57
51059,OWID_EUN,,European Union,2020-12-31,15609112.0,172504.0,115636.85699999999,370501.0,3179.0,2960.7140000000004,34904.884,385.751,258.586,828.5089999999999,7.109,6.621,,,,,,,,,,,,,,,,,,,431370.0,429390.0,954.0,1.0,108711.0,100891.0,0.1,0.1,0.0,0.0,226.0,94478.0,0.021,,447189915.0,,,,,,,,,,,,,,,,,,,,,56
51800,FRO,Europe,Faeroe Islands,2020-12-31,610.0,5.0,7.0,,,,12435.528999999999,101.931,142.703,,,,,,,,,,,,,,,,,,,,,,,,,,,,,,,,,,,40.74,49053.0,35.308,,,,,,,,,,,,80.67,,-60.2,-14.12,-10.33,-1227.24400138626,37.96,3.6065036697895585,63
52510,FLK,South America,Falkland Islands,2020-12-31,29.0,0.0,0.0,,,,8219.955,0.0,0.0,,,,,,,,,,,,,,,,,,,,,,,,,,,,,,,,,,,,3528.0,,,,,,,,,,,,,81.44,,,,,,,,94
53285,FJI,Oceania,Fiji,2020-12-31,49.0,0.0,0.429,2.0,0.0,0.0,54.27,0.0,0.475,2.215,0.0,0.0,,,,,,,,,,21365.0,69.0,23.663,0.076,104.0,0.115,,,tests performed,,,,,,,,,,,,,,49.07,902899.0,49.562,28.6,6.224,3.284,8702.975,1.4,412.82,14.49,10.2,34.8,,2.3,67.44,0.743,,,,,61.11,4.156075730732586,78
54061,FIN,Europe,Finland,2020-12-31,36422.0,255.0,238.143,592.0,4.0,2.8569999999999998,6564.460999999999,45.96,42.92100000000001,106.698,0.721,0.515,0.92,27.0,4.8660000000000005,199.0,35.866,,,,,2505252.0,11974.0,451.53,2.158,10602.0,1.911,0.024,41.7,tests performed,,,,,,,,,,,,,,52.31,5548361.0,18.136,42.8,21.228,13.264000000000001,40585.721,,153.507,5.76,18.3,22.6,,3.28,81.91,0.938,,,,,40.74,3.7440530987960514,59
54842,FRA,Europe,France,2020-12-31,2660676.0,19927.0,13280.143,64644.0,251.0,337.714,39463.024,295.556,196.97,958.797,3.7230000000000003,5.0089999999999995,1.09,2625.0,38.934,24407.0,362.004,1186.0,17.590999999999998,7410.0,109.905,35894323.0,337208.0,532.383,5.001,258602.0,3.8360000000000003,0.051,19.6,people tested,2379.0,2379.0,,,347.0,447.0,0.0,0.0,,,7.0,447.0,0.001,63.89,67422000.0,122.57799999999999,42.0,19.718,13.079,38605.671,,86.06,4.77,30.1,35.6,,5.98,82.66,0.9009999999999999,,,,,66.67,4.116622407153692,59
55574,PYF,Oceania,French Polynesia,2020-12-31,16926.0,75.0,53.714,114.0,0.0,0.857,59907.834,265.455,190.11599999999999,403.491,0.0,3.034,,,,,,,,,,,,,,,,,,,,,,,,,,,,,,,,,282534.0,77.324,32.7,7.775,4.593,,,,22.63,,,,,77.66,,-40.4,-2.41,26.95,-142.991639944219,,,72
56305,GAB,Africa,Gabon,2020-12-31,9571.0,0.0,14.571,64.0,0.0,0.0,4199.964,0.0,6.394,28.085,0.0,0.0,1.37,,,,,,,,,,,,,,,,,,,,,,,,,,,,,,,65.74,2278829.0,7.859,23.1,4.45,2.9760000000000004,16562.413,3.4,259.967,7.2,,,,6.3,66.47,0.703,,,,,67.59,4.196666765221632,79
57033,GMB,Africa,Gambia,2020-12-31,3797.0,0.0,0.857,124.0,0.0,0.14300000000000002,1526.7779999999998,0.0,0.345,49.861000000000004,0.0,0.057,0.95,,,,,,,,,,,,,,,,,,,,,,,,,,,,,,,45.37,2486937.0,207.56599999999997,17.5,2.339,1.4169999999999998,1561.767,10.1,331.43,1.91,0.7,31.2,7.876,1.1,62.05,0.496,,,,,43.06,3.7984958388865784,83
57781,GEO,Asia,Georgia,2020-12-31,227420.0,1527.0,1511.0,2505.0,24.0,32.714,57143.962999999996,383.69,379.67,629.433,6.03,8.22,0.66,,,,,,,,,371383.0,13030.0,93.318,3.2739999999999996,11702.0,2.94,0.1291,7.7,tests performed,,,,,,,,,,,,,,84.26,3979773.0,65.032,38.7,14.864,10.244000000000002,9745.079,4.2,496.218,7.11,5.3,55.5,,2.6,73.77,0.812,5109.2,11.25,50.76,1283.79181425674,58.33,4.099027720785864,64
58559,DEU,Europe,Germany,2020-12-31,1746929.0,23233.0,16619.0,33791.0,510.0,637.286,20821.444,276.911,198.08,402.751,6.079,7.596,0.95,5638.0,67.199,,,,,11204.0,133.539,,,,,135797.0,1.619,,,tests performed,207400.0,206543.0,856.0,1.0,50016.0,45756.0,0.25,0.25,0.0,0.0,545.0,45547.0,0.054000000000000006,82.41,83900471.0,237.016,46.6,21.453000000000003,15.957,45229.245,,156.139,8.31,28.2,33.1,,8.0,81.33,0.9470000000000001,,,,,67.59,4.1649483477023095,60
59290,GHA,Africa,Ghana,2020-12-31,54771.0,0.0,104.0,335.0,0.0,0.28600000000000003,1726.0420000000001,0.0,3.2769999999999997,10.557,0.0,0.009000000000000001,1.22,,,,,,,,,672364.0,906.0,21.189,0.028999999999999998,1870.0,0.059000000000000004,0.0556,18.0,tests performed,,,,,,,,,,,,,,38.89,31732128.0,126.719,21.1,3.385,1.9480000000000002,4227.63,12.0,298.245,4.97,0.3,7.7,41.047,0.9,64.07,0.611,,,,,43.52,3.8338258934084988,83
60031,GIB,Europe,Gibraltar,2020-12-31,2040.0,67.0,80.571,7.0,1.0,0.14300000000000002,60550.295,1988.662,2391.482,207.771,29.682,4.24,,,,,,,,,,,,,,,,,,,,,,,,,,,,,,,,,33691.0,3457.1,,,,,,,,,,,,79.93,,-34.8,-11.42,-45.16,-1032.91680270695,,,63
60782,GRC,Europe,Greece,2020-12-31,138850.0,932.0,659.2860000000001,4838.0,50.0,54.428999999999995,13388.621000000001,89.868,63.571999999999996,466.504,4.821000000000001,5.247999999999999,0.86,,,,,,,,,3382488.0,31923.0,326.157,3.0780000000000003,21178.0,2.042,0.0311,32.1,samples tested,2339.0,2339.0,,,617.0,631.0,0.02,0.02,,,61.0,631.0,0.006,84.26,10370747.0,83.479,45.3,20.396,14.524000000000001,24574.382,1.5,175.695,4.55,35.3,52.0,,4.21,82.24,0.888,,,,,77.78,4.251185581144981,64
61511,GRL,North America,Greenland,2020-12-31,27.0,0.0,0.28600000000000003,,,,474.784,0.0,5.024,,,,,,,,,,,,,,,,,,,,,,,,,,,,,,,,,,,37.04,56868.0,0.13699999999999998,,,,,,199.94099999999997,2.16,,,,,71.7,,-25.2,-4.63,16.0,-443.131462333826,37.04,3.675814019156509,75
62234,GRD,North America,Grenada,2020-12-31,127.0,0.0,3.1430000000000002,,,,1123.745,0.0,27.809,,,,0.23,,,,,,,,,,,,,,,,,,,,,,,,,,,,,,,,113015.0,317.132,29.4,7.303999999999999,5.021,13593.877,,243.96400000000003,10.71,,,,3.7,72.4,0.779,,,,,,,81
62991,GTM,North America,Guatemala,2020-12-31,138012.0,846.0,445.42900000000003,4813.0,10.0,9.142999999999999,7562.356,46.356,24.406999999999996,263.728,0.5479999999999999,0.501,1.09,,,,,,,,,609672.0,1208.0,33.407,0.066,2445.0,0.134,0.1822,5.5,people tested,,,,,,,,,,,,,,52.31,18249868.0,157.834,22.9,4.694,3.016,7423.808000000001,8.7,155.898,10.18,,,76.665,0.6,74.3,0.6629999999999999,,,,,52.78,4.119092326005306,81
64131,GIN,Africa,Guinea,2020-12-31,13722.0,15.0,13.142999999999999,81.0,1.0,0.14300000000000002,1016.653,1.111,0.9740000000000001,6.001,0.07400000000000001,0.011000000000000001,1.06,,,,,,,,,,,,,,,,,,,,,,,,,,,,,,,40.74,13497237.0,51.755,19.0,3.135,1.733,1998.9260000000002,35.3,336.717,2.42,,,17.45,0.3,61.6,0.47700000000000004,,,,,61.11,4.1047427269203975,88
64851,GNB,Africa,Guinea-Bissau,2020-12-31,2452.0,0.0,0.7140000000000001,45.0,0.0,0.0,1216.578,0.0,0.354,22.326999999999998,0.0,0.0,0.14,,,,,,,,,,,,,,,,,,,,,,,,,,,,,,,,2015490.0,66.191,19.4,3.002,1.565,1548.675,67.1,382.474,2.42,,,6.403,,58.32,0.48,,,,,,,89
65584,GUY,South America,Guyana,2020-12-31,6332.0,13.0,9.429,164.0,0.0,0.28600000000000003,8011.853,16.449,11.93,207.50900000000001,0.0,0.36200000000000004,0.94,,,,,,,,,,,,,,,,,,,,,,,,,,,,,,,62.96,790329.0,3.952,26.3,5.305,2.8369999999999997,7435.047,,373.159,11.62,,,77.15899999999999,1.6,69.91,0.682,,,,,65.74,4.201392280362439,71
66309,HTI,North America,Haiti,2020-12-31,9999.0,0.0,21.857,236.0,0.0,0.14300000000000002,866.3380000000001,0.0,1.8940000000000001,20.448,0.0,0.012,1.18,,,,,,,,,,,,,,,,,,,,,,,,,,,,,,,28.7,11541683.0,398.44800000000004,24.3,4.8,2.9539999999999997,1653.1729999999998,23.5,430.548,6.65,2.9,23.1,22.863000000000003,0.7,64.0,0.51,,,,,47.22,3.9357747426931646,89
67092,OWID_HIC,,High income,2020-12-31,41151644.0,568377.0,378848.143,833797.0,7653.0,6218.714,33871.611000000004,467.827,311.827,686.2919999999999,6.2989999999999995,5.119,,,,,,,,,,,,,,,,,,,7242240.0,7100425.0,41593.0,1.0,695932.0,627692.0,0.6,0.58,0.0,0.0,517.0,608506.0,0.05,,1214930230.0,,,,,,,,,,,,,,,,,,,,,53
67826,HND,North America,Honduras,2020-12-31,121827.0,915.0,541.571,3130.0,19.0,10.857000000000001,12106.437,90.927,53.818000000000005,311.041,1.8880000000000001,1.079,1.1,,,,,,,,,,,,,,,,,,,,,,,,,,,,,,,84.26,10062994.0,82.805,24.9,4.652,2.883,4541.795,16.0,240.208,7.21,2.0,,84.169,0.7,75.27,0.634,,,,,79.63,4.35281957573582,78
68608,HKG,Asia,Hong Kong,2020-12-31,8846.0,68.0,60.286,148.0,2.0,1.857,1171.221,9.003,7.982,19.595,0.265,0.24600000000000002,,,,,,,,,,5809821.0,,769.227,,44793.0,5.931,0.0018,549.5,tests performed,,,,,,,,,,,,,,71.3,7552800.0,7039.714,44.8,16.303,10.158,56054.92,,,8.33,,,,,84.86,0.9490000000000001,1568.6,3.19,9.08,207.684567312785,65.74,4.130837198581122,25
69350,HUN,Europe,Hungary,2020-12-31,322514.0,2971.0,1565.714,9537.0,108.0,115.429,33476.082,308.382,162.517,989.915,11.21,11.981,0.83,,,5856.0,607.837,,,,,2227027.0,17390.0,231.15900000000002,1.805,11638.0,1.208,0.1345,7.4,tests performed,,,,,,6202.0,,,,,644.0,,,72.22,9634162.0,108.04299999999999,43.4,18.577,11.975999999999999,26777.561,0.5,278.296,7.55,26.8,34.8,,7.02,76.88,0.8540000000000001,,,,,51.85,3.9630662548207822,70
70096,ISL,Europe,Iceland,2020-12-31,5754.0,0.0,10.142999999999999,29.0,0.0,0.14300000000000002,15602.291000000001,0.0,27.503,78.635,0.0,0.387,1.11,,,,,,,,,241454.0,596.0,654.716,1.6159999999999999,694.0,1.882,,,tests performed,,,,,,63.0,,,,,171.0,40.0,0.011000000000000001,52.78,368792.0,3.404,37.3,14.431,9.207,46482.958,0.2,117.992,5.31,14.3,15.2,,2.91,82.99,0.9490000000000001,,,,,39.81,3.692127194624886,58
70871,IND,Asia,India,2020-12-31,10286709.0,20035.0,19980.571,148994.0,256.0,271.714,7382.404,14.378,14.339,106.928,0.184,0.195,0.87,,,,,,,,,172049274.0,1127244.0,123.47399999999999,0.809,962987.0,0.691,0.0207,48.2,samples tested,,,,,,,,,,,,,,68.98,1393409033.0,450.41900000000004,28.2,5.989,3.4139999999999997,6426.674,21.2,282.28,10.39,1.9,20.6,59.55,0.53,69.66,0.645,,,,,71.76,4.238506534422951,90
71614,IDN,Asia,Indonesia,2020-12-31,743198.0,8074.0,7194.286,22138.0,194.0,221.28599999999997,2689.2209999999995,29.215,26.031999999999996,80.105,0.7020000000000001,0.8009999999999999,1.07,,,,,,,,,,,,,,,,,,,,,,,,,,,,,,,68.06,276361788.0,145.725,29.3,5.319,3.053,11188.743999999999,5.7,342.86400000000003,6.32,2.8,76.1,64.204,1.04,71.72,0.718,,,,,68.06,4.180013137392518,78
72381,OWID_INT,,International,2020-12-31,721.0,0.0,0.0,15.0,0.0,0.0,,,,,,,,,,,,,,,,,,,,,,,,,,,,,,,,,,,,,,,,,,,,,,,,,,,,,,,,,,,,0
73136,IRN,Asia,Iran,2020-12-31,1225142.0,6389.0,5994.286,55223.0,128.0,130.714,14408.56,75.139,70.497,649.4630000000001,1.505,1.537,0.95,,,,,,,,,7620667.0,53721.0,89.625,0.632,52520.0,0.618,0.1141,8.8,tests performed,,,,,,,,,,,,,,72.69,85028760.0,49.831,32.4,5.44,3.182,19082.62,0.2,270.308,9.59,0.8,21.1,,1.5,76.68,0.7829999999999999,,,,,68.06,4.169812720014894,55
73886,IRQ,Asia,Iraq,2020-12-31,595291.0,849.0,926.857,12813.0,5.0,9.857000000000001,14456.056,20.616999999999997,22.508000000000003,311.151,0.121,0.239,0.79,,,,,,,,,,,,,36076.0,0.8759999999999999,0.0257,38.9,samples tested,,,,,,,,,,,,,,53.7,41179351.0,88.125,20.0,3.1860000000000004,1.9569999999999999,15663.986,2.5,218.612,8.83,,,94.57600000000001,1.4,70.6,0.674,,,,,75.93,4.283909972826023,66
74631,IRL,Europe,Ireland,2020-12-31,91779.0,1622.0,1243.714,2237.0,11.0,6.428999999999999,18418.777,325.513,249.59599999999998,448.935,2.208,1.29,1.88,42.0,8.429,491.0,98.537,,,,,2375010.0,26312.0,476.63199999999995,5.28,14853.0,2.9810000000000003,0.0837,11.9,tests performed,2371.0,2347.0,24.0,,1031.0,721.0,0.05,0.05,0.0,,145.0,720.0,0.013999999999999999,84.26,4982904.0,69.874,38.7,13.927999999999999,8.677999999999999,67335.293,0.2,126.459,3.28,23.0,25.7,,2.96,82.3,0.955,428.6,1.36,-5.96,86.0140994086982,55.09,4.0915182300481945,63
75356,IMN,Europe,Isle of Man,2020-12-31,377.0,0.0,0.429,25.0,0.0,0.0,4414.003,0.0,5.018,292.70599999999996,0.0,0.0,,,,,,,,,,,,,,,,,,,,,,,,,,,,,,,,,85410.0,147.872,,,,,,,,,,,,81.4,,,,,,,,79
76110,ISR,Asia,Israel,2020-12-31,423262.0,6678.0,4797.714,3325.0,18.0,22.0,45556.13,718.76,516.383,357.87300000000005,1.9369999999999998,2.3680000000000003,1.37,221.0,23.785999999999998,1514.0,162.953,120.0,12.915999999999999,1336.0,143.795,7889431.0,101385.0,849.148,10.912,87235.0,9.389,0.054000000000000006,18.5,people tested,991834.0,991828.0,6.0,,158506.0,111214.0,10.68,10.68,0.0,,11970.0,111214.0,1.197,82.41,9291000.0,402.606,30.6,11.732999999999999,7.359,33132.32,0.5,93.32,6.74,15.4,35.4,,2.99,82.97,0.919,,,,,56.48,4.079426696082545,61
76884,ITA,Europe,Italy,2020-12-31,2107166.0,23477.0,13978.428999999998,74159.0,555.0,465.57099999999997,34905.653,388.901,231.55599999999998,1228.46,9.193999999999999,7.712000000000001,1.13,2555.0,42.324,25706.0,425.825,1246.0,20.64,8828.0,146.238,26598607.0,186004.0,440.61199999999997,3.0810000000000004,120892.0,2.003,0.1156,8.6,tests performed,40781.0,40781.0,,,25947.0,8359.0,0.07,0.07,,,138.0,8359.0,0.013999999999999999,82.41,60367471.0,205.859,47.9,23.021,16.24,35220.084,2.0,113.15100000000001,4.78,19.8,27.8,,3.18,83.51,0.892,,,,,71.3,4.269008963173242,52
77618,JAM,North America,Jamaica,2020-12-31,12827.0,34.0,44.0,302.0,0.0,1.429,4313.827,11.434000000000001,14.798,101.565,0.0,0.48,1.0,,,,,,,,,,,,,437.0,0.147,0.1007,9.9,samples tested,,,,,,,,,,,,,,71.3,2973462.0,266.879,31.4,9.684,6.39,8193.571,,206.537,11.28,5.3,28.6,66.425,1.7,74.47,0.7340000000000001,,,,,74.07,4.300544061414846,72
78401,JPN,Asia,Japan,2020-12-31,235749.0,4532.0,3584.0,3492.0,49.0,52.714,1870.27,35.954,28.433000000000003,27.703000000000003,0.389,0.418,1.1,,,,,,,,,4486717.0,39575.0,35.595,0.314,37825.0,0.3,0.0948,10.6,people tested,,,,,,,,,,,,,,48.15,126050796.0,347.778,48.2,27.049,18.493,39002.223,,79.37,5.72,11.2,33.7,,13.05,84.63,0.919,-28004.0,-1.98,3.06,-222.164404261279,47.22,3.7458666994592473,52
79501,JOR,Asia,Jordan,2020-12-31,294494.0,1427.0,1543.4289999999999,3834.0,19.0,21.857,28677.901,138.96200000000002,150.299,373.356,1.85,2.128,0.81,,,,,,,,,3175555.0,23430.0,309.236,2.282,19316.0,1.881,0.0799,12.5,tests performed,,,,,,,,,,,,,,81.48,10269022.0,109.285,23.2,3.81,2.3609999999999998,8337.49,0.1,208.257,11.75,,,,1.4,74.53,0.7290000000000001,4569.1,16.03,25.33,444.94013159188904,57.41,4.058905409319729,75
80233,KAZ,Asia,Kazakhstan,2020-12-31,201196.0,753.0,886.143,2749.0,0.0,11.429,10592.073999999999,39.641999999999996,46.651,144.72299999999998,0.0,0.602,0.99,,,,,,,,,5539512.0,32264.0,291.631,1.699,29643.0,1.561,0.0299,33.5,tests performed,,,,,,,,,,,,,,70.37,18994958.0,6.681,30.6,6.9910000000000005,4.625,24055.588,0.1,466.792,7.11,7.0,43.1,98.999,6.7,73.6,0.825,30139.8,22.75,21.73,1586.72633021879,71.3,4.236188437458314,76
80972,KEN,Africa,Kenya,2020-12-31,96458.0,207.0,146.714,1670.0,3.0,2.571,1754.2379999999998,3.765,2.668,30.372,0.055,0.047,0.61,,,,,,,,,,,,,3774.0,0.069,0.0389,25.7,tests performed,,,,,,,,,,,,,,57.41,54985702.0,87.324,20.0,2.6860000000000004,1.528,2993.028,36.8,218.637,2.92,1.2,20.4,24.651,1.4,66.7,0.601,,,,,57.41,4.080928926296319,90
82004,OWID_KOS,Europe,Kosovo,2020-12-31,51144.0,234.0,243.429,1332.0,7.0,8.286,28698.485,131.305,136.595,747.427,3.928,4.649,0.9,,,,,,,,,,,,,,,,,,,,,,,,,,,,,,,71.3,1782115.0,168.155,,,,9795.834,0.6,,,,,,,,,3329.8,34.48,87.93,1868.45405599526,54.63,4.057248375888357,73
82754,KWT,Asia,Kuwait,2020-12-31,150584.0,286.0,223.857,934.0,1.0,1.143,34788.531,66.07300000000001,51.716,215.77599999999998,0.231,0.264,1.06,,,,,,,,,1254832.0,3289.0,289.89599999999996,0.76,2713.0,0.627,0.0825,12.1,tests performed,,,,,,1121.0,,,,,259.0,,,71.3,4328553.0,232.128,33.7,2.345,1.114,65530.537000000004,,132.235,15.84,2.7,37.0,,2.0,75.49,0.8059999999999999,3210.8,43.64,14.51,741.772134937472,70.37,4.150602674072024,55
83481,KGZ,Asia,Kyrgyzstan,2020-12-31,81034.0,191.0,169.857,1355.0,1.0,2.1430000000000002,12225.371000000001,28.816,25.625999999999998,204.425,0.151,0.32299999999999995,0.8,,,,,,,,,,,,,,,,,,,,,,,,,,,,,,,40.74,6628347.0,32.333,26.3,4.489,2.8819999999999997,3393.474,1.4,436.36199999999997,7.11,3.6,50.5,89.22,4.5,71.45,0.6970000000000001,7482.2,23.03,41.21,1128.8183916744301,54.63,4.0584802148942005,80
84202,LAO,Asia,Laos,2020-12-31,41.0,0.0,0.0,,,,5.556,0.0,0.0,,,,,,,,,,,,,,,,,,,,,,,,,,,,,,,,,,,29.63,7379358.0,29.715,24.4,4.029,2.322,6397.36,22.7,368.111,4.0,7.3,51.2,49.839,1.5,67.92,0.613,,,,,50.0,3.945581707201258,87
84950,LVA,Europe,Latvia,2020-12-31,40904.0,1861.0,878.571,635.0,9.0,21.285999999999998,21909.718999999997,996.822,470.596,340.13,4.821000000000001,11.401,1.11,,,939.0,502.964,,,,,877015.0,12395.0,469.76199999999994,6.638999999999999,7442.0,3.986,0.1181,8.5,tests performed,2332.0,2331.0,1.0,,7.0,329.0,0.12,0.12,0.0,,176.0,329.0,0.018000000000000002,63.89,1866934.0,31.212,43.9,19.754,14.136,25063.846,0.7,350.06,4.91,25.6,51.0,,5.57,75.29,0.866,,,,,50.0,3.8961231105628573,67
85703,LBN,Asia,Lebanon,2020-12-31,181503.0,3507.0,2224.286,1468.0,12.0,16.429000000000002,26813.259,518.086,328.592,216.86599999999999,1.7730000000000001,2.427,1.26,,,,,,,,,,,,,,,,,,,,,,,,,,,,,,,87.04,6769151.0,594.561,31.1,8.514,5.43,13367.565,,266.591,12.71,26.9,40.7,,2.9,78.93,0.7440000000000001,3286.8,13.09,52.27,485.555721832767,70.37,4.1794462817269675,60
86374,LSO,Africa,Lesotho,2020-12-31,3094.0,0.0,52.714,51.0,0.0,0.0,1433.026,0.0,24.415,23.621,0.0,0.0,1.33,,,,,,,,,,,,,,,,,,,,,,,,,,,,,,,36.11,2159067.0,73.562,22.2,4.506,2.647,2851.153,59.6,405.126,3.94,0.4,53.9,2.117,,54.33,0.527,,,,,52.78,4.014310278921093,154
87102,LBR,Africa,Liberia,2020-12-31,1800.0,0.0,0.28600000000000003,83.0,0.0,0.0,347.476,0.0,0.055,16.023,0.0,0.0,0.24,,,,,,,,,,,,,,,,,,,,,,,,,,,,,,,35.19,5180208.0,49.126999999999995,19.2,3.057,1.756,752.788,38.6,272.509,2.42,1.5,18.1,1.188,0.8,64.1,0.48,,,,,47.22,3.9385145885544977,77
87843,LBY,Africa,Libya,2020-12-31,100277.0,342.0,440.714,1478.0,19.0,11.286,14410.642,49.148,63.333999999999996,212.40099999999998,2.73,1.6219999999999999,0.91,,,,,,,,,,2624.0,,0.377,,,,,samples tested,,,,,,,,,,,,,,84.26,6958538.0,3.623,29.0,4.4239999999999995,2.8160000000000003,17881.509,,341.86199999999997,10.43,,,,3.7,72.91,0.7240000000000001,,,,,79.63,4.256308160440279,88
88584,LIE,Europe,Liechtenstein,2020-12-31,2221.0,31.0,31.570999999999998,44.0,1.0,1.714,58059.288,810.373,825.311,1150.2069999999999,26.141,44.813,0.87,,,,,,,,,20939.0,136.0,547.368,3.555,162.0,4.235,0.196,5.1,tests performed,0.0,0.0,,,0.0,0.0,0.0,0.0,,,0.0,0.0,0.0,56.48,38254.0,237.012,,,,,,,7.77,,,,2.397,82.49,0.919,50.0,18.59,132.14,1307.0528572175501,45.37,3.866976164113171,63
89329,LTU,Europe,Lithuania,2020-12-31,141955.0,2468.0,2442.714,1796.0,56.0,47.143,52774.083,917.5189999999999,908.1189999999999,667.692,20.819000000000003,17.526,0.91,,,2480.0,921.98,,,,,1641368.0,13255.0,610.205,4.928,9979.0,3.71,0.244,4.1,tests performed,9755.0,9755.0,,,30.0,1834.0,0.36,0.36,,,682.0,1834.0,0.068,76.85,2689862.0,45.135,43.5,19.002,13.777999999999999,29524.265,0.7,342.98900000000003,3.67,21.3,38.0,,6.56,75.93,0.882,,,,,46.3,3.8512545142025956,70
90080,OWID_LIC,,Low income,2020-12-31,382444.0,2433.0,2031.8570000000002,9751.0,32.0,41.857,574.975,3.658,3.055,14.66,0.048,0.063,,,,,,,,,,,,,,,,,,,,,,,,,,,,,,,,,665149040.0,,,,,,,,,,,,,,,,,,,,,88
90863,OWID_LMC,,Lower middle income,2020-12-31,17141774.0,64619.0,58559.71400000001,324005.0,1225.0,1184.4289999999999,5146.670999999999,19.401,17.582,97.28,0.368,0.35600000000000004,,,,,,,,,,,,,,,,,,,,,,,,,,,,,,,,,3330652550.0,,,,,,,,,,,,,,,,,,,,,64
91613,LUX,Europe,Luxembourg,2020-12-31,46415.0,0.0,172.28599999999997,495.0,0.0,5.2860000000000005,73115.905,0.0,271.39599999999996,779.7560000000001,0.0,8.326,0.77,33.0,51.983999999999995,136.0,214.236,,,,,1651666.0,4470.0,2601.811,7.041,4503.0,7.093,0.035,28.6,tests performed,,,,,,271.0,,,,,427.0,271.0,0.043,67.59,634814.0,231.447,39.7,14.312000000000001,9.842,94277.965,0.2,128.275,4.42,20.9,26.0,,4.51,82.25,0.9159999999999999,,,,,46.3,3.867225340615785,59
92396,MAC,Asia,Macao,2020-12-31,46.0,0.0,0.0,,,,69.867,0.0,0.0,,,,,,,,,,,,,,,,,,,,,,,,,,,,,,,,,,,23.15,658391.0,20546.766,39.2,9.798,4.9910000000000005,104861.851,,,,,,,,84.24,,99.0,4.65,-5.57,150.36657548478001,31.48,3.4341391899609075,21
93121,MDG,Africa,Madagascar,2020-12-31,17714.0,0.0,11.571,261.0,0.0,0.14300000000000002,623.133,0.0,0.40700000000000003,9.181000000000001,0.0,0.005,0.62,,,,,,,,,,,,,147.0,0.005,0.0787,12.7,tests performed,,,,,,,,,,,,,,37.04,28427333.0,43.951,19.6,2.929,1.686,1416.44,77.6,405.994,3.94,,,50.54,0.2,67.04,0.528,,,,,47.69,3.9329412119306455,88
93837,MWI,Africa,Malawi,2020-12-31,6583.0,112.0,43.714,189.0,0.0,0.28600000000000003,335.05199999999996,5.7,2.225,9.619,0.0,0.015,2.14,,,,,,,,,,,,,261.0,0.013000000000000001,0.1675,6.0,tests performed,,,,,,,,,,,,,,50.93,19647681.0,197.519,18.1,2.9789999999999996,1.7830000000000001,1095.042,71.4,227.34900000000002,3.94,4.4,24.7,8.704,1.3,64.26,0.483,,,,,48.15,3.861181542732964,112
94618,MYS,Asia,Malaysia,2020-12-31,113010.0,2525.0,1813.1429999999998,471.0,8.0,3.571,3447.929,77.038,55.318999999999996,14.37,0.244,0.109,1.17,194.0,5.919,2966.0,90.493,,,4077.0,124.389,4317441.0,42547.0,131.725,1.298,38610.0,1.178,0.047,21.3,people tested,,,,,,,,,,,,,,67.13,32776195.0,96.25399999999999,29.9,6.292999999999999,3.407,26808.164,0.1,260.942,16.74,1.0,42.4,,1.9,76.16,0.81,-13603.8,-7.55,-9.48,-415.05122849067703,65.28,4.153211189723255,62
95355,MDV,Asia,Maldives,2020-12-31,13757.0,19.0,28.429000000000002,48.0,0.0,0.0,25306.28,34.951,52.295,88.29700000000001,0.0,0.0,1.21,,,,,,,,,314600.0,2455.0,578.7130000000001,4.516,2495.0,4.59,0.0114,87.8,samples tested,,,,,,,,,,,,,,,543620.0,1454.433,30.6,4.12,2.875,15183.616000000002,,164.905,9.19,2.1,55.0,95.803,,78.92,0.74,160.6,14.41,3.78,295.426952650749,,,67
96075,MLI,Africa,Mali,2020-12-31,7090.0,61.0,92.714,269.0,0.0,4.857,339.955,2.925,4.446000000000001,12.898,0.0,0.233,0.99,,,,,,,,,,,,,,,,,,,,,,,,,,,,,,,51.85,20855724.0,15.196,16.4,2.519,1.486,2014.306,,268.024,2.42,1.6,23.0,52.232,0.1,59.31,0.434,,,,,46.3,3.8400871170360453,89
96815,MLT,Europe,Malta,2020-12-31,12774.0,109.0,101.714,219.0,3.0,2.286,24751.017000000003,211.199,197.083,424.336,5.813,4.428999999999999,1.2,12.0,23.250999999999998,66.0,127.882,,,,,514757.0,2858.0,997.398,5.537999999999999,2559.0,4.958,0.0397,25.2,tests performed,,,,,,,,,,,,,,52.78,516100.0,1454.037,42.4,19.426,11.324000000000002,36513.323,0.2,168.71099999999998,8.83,20.9,30.2,,4.485,82.53,0.895,,,,,52.78,3.9648428772464466,66
97318,MHL,Oceania,Marshall Islands,2020-12-31,4.0,0.0,0.0,,,,67.094,0.0,0.0,,,,,,,,,,,,,,,,,,,,,,,,,,,,,,,,,,,,59618.0,295.15,,,,3819.202,,557.793,30.53,,,82.50200000000001,2.7,73.7,0.7040000000000001,,,,,,,301
98049,MRT,Africa,Mauritania,2020-12-31,14364.0,173.0,178.0,347.0,8.0,6.571000000000001,3008.098,36.23,37.277,72.668,1.675,1.376,0.89,,,,,,,,,,,,,1508.0,0.316,0.11800000000000001,8.5,tests performed,,,,,,,,,,,,,,59.26,4775110.0,4.289,20.3,3.138,1.7919999999999998,3597.633,6.0,232.347,2.42,,,15.95,,64.92,0.546,,,,,39.81,3.7701722482506024,87
98776,MUS,Africa,Mauritius,2020-12-31,527.0,0.0,0.0,10.0,0.0,0.0,413.844,0.0,0.0,7.853,0.0,0.0,0.11,,,,,,,,,,,,,,,,,,,,,,,,,,,,,,,16.67,1273428.0,622.962,37.4,10.945,5.8839999999999995,20292.745,0.5,224.644,22.02,3.2,40.7,,3.4,74.99,0.804,-384.8,-3.36,-3.28,-302.176487402507,45.37,3.8337634159032707,77
99580,MEX,North America,Mexico,2020-12-31,1426094.0,12159.0,9075.714,125807.0,910.0,662.143,10947.871000000001,93.34200000000001,69.673,965.798,6.986000000000001,5.083,1.05,,,,,,,,,3460436.0,30963.0,26.565,0.23800000000000002,25221.0,0.19399999999999998,0.409,2.4,people tested,,,,,,3695.0,,,,,28.0,3695.0,0.003,71.76,130262220.0,66.444,29.3,6.857,4.321000000000001,17336.468999999997,2.5,152.783,13.06,6.9,21.4,87.84700000000001,1.38,75.05,0.779,,,,,52.78,3.9431978110827597,78
100735,MDA,Europe,Moldova,2020-12-31,144818.0,977.0,769.0,2985.0,25.0,19.570999999999998,35988.345,242.792,191.102,741.795,6.212999999999999,4.864,0.71,,,,,,,,,,2763.0,,0.687,2447.0,0.608,0.3143,3.2,tests performed,,,,,,,,,,,,,,57.41,4024025.0,123.655,37.6,10.864,6.955,5189.972,0.2,408.50199999999995,5.72,5.9,44.6,86.979,5.8,71.9,0.75,5081.6,14.28,57.05,1262.81521610825,56.94,3.9967177545873236,72
101480,MCO,Europe,Monaco,2020-12-31,875.0,22.0,13.142999999999999,3.0,0.0,0.0,22140.688,556.68,332.56199999999995,75.911,0.0,0.0,1.31,,,,,,,,,,,,,,,,,,,,,,,126.0,,,,,3188.0,,,51.85,39520.0,19347.5,,,,,,,5.46,,,,13.8,86.75,,25.6,5.17,25.31,647.7732793522271,51.85,3.973742456046582,59
102215,MNG,Asia,Mongolia,2020-12-31,1195.0,20.0,18.857,1.0,0.0,,358.936,6.007000000000001,5.664,0.3,0.0,,1.27,,,,,,,,,600984.0,,180.515,,10752.0,3.23,0.0018,570.2,samples tested,,,,,,,,,,,,,,75.46,3329282.0,1.98,28.6,4.031000000000001,2.421,11840.846000000001,0.5,460.043,4.82,5.5,46.5,71.18,7.0,69.87,0.737,-1502.2,-8.62,-22.02,-451.20839868776494,60.19,4.049395108311622,76
102943,MNE,Europe,Montenegro,2020-12-31,48247.0,465.0,403.42900000000003,682.0,1.0,4.857,76820.195,740.3860000000001,642.35,1085.899,1.5919999999999999,7.734,0.99,,,,,,,,,,,,,,,,,,,,,,,,,,,,,,,,628051.0,46.28,39.1,14.762,9.395,16409.288,1.0,387.305,10.08,44.0,47.9,,3.861,76.88,0.8290000000000001,,,,,,,76
103670,MSR,North America,Montserrat,2020-12-31,13.0,0.0,0.0,1.0,0.0,0.0,2609.9179999999997,0.0,0.0,200.763,0.0,0.0,,,,,,,,,,,,,,,,,,,,,,,,,,,,,,,,,4981.0,,,,,,,,,,,,,74.16,,,,,,,,77
104437,MAR,Africa,Morocco,2020-12-31,439193.0,1861.0,1904.1429999999998,7388.0,33.0,36.857,11760.49,49.833,50.988,197.832,0.884,0.987,0.77,,,,,,,,,4457349.0,17669.0,119.35700000000001,0.473,14699.0,0.39399999999999996,0.1295,7.7,people tested,,,,,,,,,,,,,,76.85,37344787.0,80.08,29.6,6.769,4.209,7485.013000000001,1.0,419.14599999999996,7.14,0.8,47.1,,1.1,76.68,0.6859999999999999,,,,,68.52,4.225083125013654,76
105160,MOZ,Africa,Mozambique,2020-12-31,18642.0,157.0,87.286,166.0,1.0,1.429,579.609,4.881,2.714,5.1610000000000005,0.031,0.044000000000000004,1.38,,,,,,,,,271947.0,1697.0,8.455,0.053,1204.0,0.037000000000000005,0.0725,13.8,tests performed,,,,,,,,,,,,,,50.0,32163045.0,37.728,17.7,3.158,1.87,1136.103,62.9,329.94199999999995,3.3,5.1,29.1,12.227,0.7,60.85,0.456,,,,,55.56,4.0297594138482085,107
105878,MMR,Asia,Myanmar,2020-12-31,124630.0,890.0,691.7139999999999,2682.0,18.0,21.429000000000002,2274.021,16.239,12.620999999999999,48.93600000000001,0.32799999999999996,0.391,0.81,,,,,,,,,1818260.0,24007.0,33.176,0.43799999999999994,22290.0,0.40700000000000003,0.031,32.2,samples tested,,,,,,,,,,,,,,75.93,54806014.0,81.721,29.1,5.732,3.12,5591.597,6.4,202.104,4.61,6.3,35.2,79.28699999999999,0.9,67.13,0.583,,,,,75.93,4.3192614705709484,103
106609,NAM,Africa,Namibia,2020-12-31,23941.0,608.0,480.286,205.0,9.0,2.571,9253.118,234.99,185.62900000000002,79.232,3.478,0.9940000000000001,1.15,,,,,,,,,209155.0,2221.0,80.83800000000001,0.858,1910.0,0.738,0.2515,4.0,tests performed,,,,,,,,,,,,,,38.89,2587344.0,3.0780000000000003,22.0,3.552,2.085,9541.808,13.4,243.81099999999998,3.94,9.7,34.2,44.6,,63.71,0.6459999999999999,,,,,44.44,3.8599661162904675,78
107675,NPL,Asia,Nepal,2020-12-31,260593.0,534.0,571.571,1856.0,9.0,6.857,8781.591,17.995,19.261,62.544,0.303,0.231,0.77,,,,,,,,,1932477.0,,65.122,,5175.0,0.174,0.111,9.0,samples tested,,,,,,,,,,,,,,60.19,29674920.0,204.43,25.0,5.809,3.2119999999999997,2442.804,15.0,260.797,7.26,9.5,37.8,47.782,0.3,70.78,0.602,,,,,60.19,4.140701773229745,107
108422,NLD,Europe,Netherlands,2020-12-31,806620.0,8205.0,8739.714,11459.0,108.0,86.714,46969.987,477.782,508.91900000000004,667.265,6.289,5.0489999999999995,0.86,724.0,42.159,2104.0,122.51700000000001,353.0,20.555,2059.0,119.897,6230581.0,40011.0,362.811,2.33,48954.0,2.8510000000000004,0.141,7.1,tests performed,,,,,,,,,,,,,,78.7,17173094.0,508.54400000000004,43.2,18.779,11.880999999999998,48472.545,,109.361,5.29,24.4,27.3,,3.32,82.28,0.9440000000000001,,,,,59.26,4.063312376155885,60
109148,NCL,Oceania,New Caledonia,2020-12-31,38.0,0.0,0.0,,,,131.845,0.0,0.0,,,,,,,,,,,,,,,,,,,,,,,,,,,,,,,,,,,,288217.0,15.342,33.4,9.954,6.489,,,,23.36,,,,,77.55,,-89.2,-5.43,-4.34,-309.48903083440604,,,78
109894,NZL,Oceania,New Zealand,2020-12-31,2162.0,0.0,4.857,25.0,0.0,0.0,421.74699999999996,0.0,0.9470000000000001,4.877,0.0,0.0,0.76,,,,,,,,,1405854.0,,274.243,,2999.0,0.585,,,tests performed,,,,,,,,,,,,,,22.22,5126300.0,18.206,37.9,15.322000000000001,9.72,36085.843,,128.797,8.08,14.8,17.2,,2.61,82.29,0.9309999999999999,,,,,22.22,3.8024453526966058,73
110620,NIC,North America,Nicaragua,2020-12-31,6046.0,0.0,7.857,165.0,0.0,0.14300000000000002,902.068,0.0,1.172,24.618000000000002,0.0,0.021,0.21,,,,,,,,,,,,,,,,,,,,,,,,,,,,,,,8.33,6702379.0,51.667,27.3,5.445,3.5189999999999997,5321.444,3.2,137.016,11.47,,,,0.9,74.48,0.66,,,,,8.33,2.3556984295377803,99
111345,NER,Africa,Niger,2020-12-31,3323.0,115.0,55.714,104.0,2.0,2.0,132.22799999999998,4.5760000000000005,2.217,4.138,0.08,0.08,1.04,,,,,,,,,,,,,,,,,,,,,,,,,,,,,,,31.48,25130810.0,16.955,15.1,2.553,1.3780000000000001,926.0,44.5,238.33900000000003,2.42,0.1,15.4,8.978,0.3,62.42,0.39399999999999996,,,,,24.07,3.268011519047933,89
112091,NGA,Africa,Nigeria,2020-12-31,87607.0,1031.0,806.2860000000001,1289.0,11.0,6.7139999999999995,414.412,4.877,3.8139999999999996,6.097,0.052000000000000005,0.032,1.21,,,,,,,,,948048.0,9446.0,4.485,0.045,5133.0,0.024,0.1571,6.4,tests performed,,,,,,,,,,,,,,58.33,211400704.0,209.588,18.1,2.7510000000000003,1.4469999999999998,5338.454000000001,,181.013,2.42,0.6,10.8,41.949,,54.69,0.539,,,,,50.93,3.986360461014908,94
113031,OWID_NAM,,North America,2020-12-31,23181039.0,343287.0,221742.143,513634.0,4457.0,3405.143,38856.464,575.424,371.68800000000005,860.962,7.471,5.707999999999999,,,,,,,,,,,,,,,,,,,5768876.0,5631649.0,40621.0,,439547.0,415521.0,0.97,0.94,0.01,,697.0,405380.0,0.068,,596581283.0,,,,,,,,,,,,,,,,,,,,,67
113779,MKD,Europe,North Macedonia,2020-12-31,83329.0,535.0,417.42900000000003,2503.0,15.0,18.285999999999998,40010.832,256.883,200.43,1201.828,7.202000000000001,8.78,0.75,,,,,,,,,402103.0,1619.0,193.072,0.777,1724.0,0.828,0.2421,4.1,tests performed,,,,,,,,,,,,,,,2082661.0,82.6,39.1,13.26,8.16,13111.214,5.0,322.688,10.08,,,,4.28,75.8,0.774,5377.8,26.85,80.23,2582.1773202648,,,65
114845,NOR,Europe,Norway,2020-12-31,49567.0,557.0,519.429,436.0,0.0,2.1430000000000002,9068.856,101.91,95.035,79.771,0.0,0.392,1.11,,,140.0,25.615,,,,,2737144.0,9066.0,500.792,1.659,13876.0,2.539,0.048,20.8,people tested,2414.0,2414.0,,,91.0,329.0,0.04,0.04,,,60.0,329.0,0.006,56.02,5465629.0,14.462,39.7,16.820999999999998,10.812999999999999,64800.057,0.2,114.316,5.31,19.6,20.7,,3.6,82.4,0.9570000000000001,,,,,48.15,3.861367841194653,58
115625,OWID_OCE,,Oceania,2020-12-31,48408.0,95.0,80.571,1059.0,0.0,1.0,1120.038,2.198,1.864,24.503,0.0,0.023,,,,,,,,,,,,,,,,,,,,,,,,,,,,,,,,,43219954.0,,,,,,,,,,,,,,,,,,,,,63
116375,OMN,Asia,Oman,2020-12-31,128867.0,148.0,82.429,1499.0,2.0,1.143,24671.209,28.334,15.780999999999999,286.97900000000004,0.38299999999999995,0.21899999999999997,1.06,,,,,,,,,,,,,,,,,,6516.0,6516.0,,,1473.0,1600.0,0.12,0.12,,,306.0,1600.0,0.031,42.59,5223376.0,14.98,30.7,2.355,1.53,37960.709,,266.342,12.61,0.5,15.6,97.4,1.6,77.86,0.813,1279.2,13.75,4.58,244.899084423561,60.19,4.154143745418578,59
117124,PAK,Asia,Pakistan,2020-12-31,482178.0,2463.0,2136.571,10176.0,71.0,60.428999999999995,2141.111,10.937000000000001,9.487,45.187,0.315,0.268,0.96,,,,,,,,,6696068.0,39695.0,29.734,0.17600000000000002,38261.0,0.17,0.0558,17.9,tests performed,,,,,,,,,,,,,,64.35,225199929.0,255.57299999999998,23.5,4.495,2.78,5034.708,4.0,423.031,8.35,2.8,36.7,59.607,0.6,67.27,0.557,,,,,60.65,4.10933439099826,75
118069,PSE,Asia,Palestine,2020-12-31,138004.0,1268.0,1274.857,1400.0,29.0,22.429000000000002,26423.597,242.78400000000002,244.097,268.058,5.553,4.294,0.83,,,,,,,,,,5336.0,,1.022,4936.0,0.945,0.2583,3.9,tests performed,,,,,,,,,,,,,,62.5,5222756.0,778.202,20.4,3.043,1.726,4449.898,1.0,265.91,10.59,,,,,74.05,0.708,1197.4,9.28,58.86,229.265927797508,79.63,4.224407805881821,65
118805,PAN,North America,Panama,2020-12-31,246790.0,4046.0,3302.2859999999996,4022.0,47.0,43.857,56324.392,923.4110000000001,753.674,917.933,10.727,10.009,1.07,,,,,,,,,1302483.0,14423.0,297.263,3.292,12131.0,2.7689999999999997,0.2722,3.7,tests performed,,,,,,,,,,,,,,76.85,4381583.0,55.133,29.7,7.917999999999999,5.03,22267.037,2.2,128.346,8.33,2.4,9.9,,2.3,78.51,0.815,3015.6,14.46,19.77,688.244408470637,70.37,4.253345265095001,70
119530,PNG,Oceania,Papua New Guinea,2020-12-31,780.0,0.0,0.0,9.0,0.0,0.0,85.536,0.0,0.0,0.987,0.0,0.0,0.41,,,,,,,,,,,,,,,,,,,,,,,,,,,,,,,29.63,9119005.0,18.22,22.6,3.8080000000000003,2.142,3823.1940000000004,,561.494,17.65,23.5,48.8,,,64.5,0.555,,,,,52.085,3.9889470605709714,175
120268,PRY,South America,Paraguay,2020-12-31,107932.0,974.0,657.571,2262.0,20.0,15.429,14949.774,134.91,91.081,313.312,2.77,2.137,1.01,,,,,,,,,560389.0,3274.0,77.62,0.45299999999999996,2847.0,0.39399999999999996,0.231,4.3,tests performed,,,,,,,,,,,,,,52.78,7219641.0,17.144000000000002,26.5,6.377999999999999,3.833,8827.01,1.7,199.128,8.27,5.0,21.6,79.602,1.3,74.25,0.728,2661.4,7.81,28.56,368.63328799866895,52.78,4.080762840679398,74
121007,PER,South America,Peru,2020-12-31,1015137.0,4641.0,2140.571,93070.0,173.0,137.0,30430.3,139.121,64.167,2789.917,5.186,4.107,1.21,,,,,,,,,5522513.0,,165.546,,12764.0,0.38299999999999995,0.125,8.0,tests performed,,,,,,,,,,,,,,59.26,33359415.0,25.129,29.1,7.151,4.455,12236.706,3.5,85.755,5.95,4.8,,,1.6,76.74,0.777,,,,,75.93,4.321360623722849,73
121782,PHL,Asia,Philippines,2020-12-31,474064.0,1532.0,1191.4289999999999,9244.0,14.0,27.0,4269.043,13.796,10.729000000000001,83.244,0.126,0.243,0.98,,,,,,,,,6408076.0,22464.0,57.706,0.20199999999999999,21453.0,0.193,0.0555,18.0,people tested,,,,,,,,,,,,,,55.09,111046910.0,351.87300000000005,25.2,4.803,2.661,7599.188,,370.43699999999995,7.07,7.8,40.8,78.46300000000001,1.0,71.23,0.718,-11136.8,-1.78,0.96,-100.28914807264799,71.76,4.252887951349785,73
122608,POL,Europe,Poland,2020-12-31,1294878.0,13464.0,7840.0,28554.0,535.0,257.42900000000003,34258.751000000004,356.219,207.424,755.457,14.155,6.811,1.04,,,16970.0,448.977,,,,,6941502.0,39052.0,183.65200000000002,1.033,24312.0,0.643,0.3225,3.1,people tested,47600.0,47600.0,,,11300.0,15200.0,0.13,0.13,,,402.0,15200.0,0.04,80.56,37797000.0,124.027,41.8,16.762999999999998,10.202,27216.445,,227.331,5.91,23.3,33.1,,6.62,78.73,0.88,,,,,45.37,3.988988312338573,71
123352,PRT,Europe,Portugal,2020-12-31,413678.0,7627.0,3720.2859999999996,6906.0,76.0,70.429,40684.612,750.1039999999999,365.885,679.195,7.474,6.9270000000000005,1.31,482.0,47.403999999999996,2840.0,279.31,,,,,5681817.0,36734.0,558.798,3.613,29488.0,2.9,0.1262,7.9,tests performed,32749.0,32749.0,,,2206.0,6946.0,0.32,0.32,,,683.0,6946.0,0.068,76.85,10167923.0,112.37100000000001,46.2,21.502,14.924000000000001,27936.896,0.5,127.84200000000001,9.85,16.3,30.0,,3.39,82.05,0.8640000000000001,,,,,62.04,4.079559474243713,65
124097,QAT,Asia,Qatar,2020-12-31,143834.0,213.0,175.571,245.0,0.0,0.28600000000000003,49081.325,72.683,59.911,83.603,0.0,0.09699999999999999,1.2,,,,,,,,,,,,,,,,,,,,,,,1351.0,,,,,461.0,,,56.48,2930524.0,227.322,31.9,1.307,0.617,116935.6,,176.69,16.52,0.8,26.9,,1.2,80.23,0.848,377.2,16.77,7.86,128.71418217356398,63.89,4.166362175962391,60
124845,ROU,Europe,Romania,2020-12-31,632263.0,4322.0,3386.0,15767.0,171.0,122.14299999999999,33054.712,225.954,177.02,824.299,8.94,6.386,0.9,,,,,,,,,,,,,16152.0,0.8440000000000001,0.2096,4.8,tests performed,10289.0,10289.0,,,4623.0,2331.0,0.05,0.05,,,122.0,2331.0,0.012,76.85,19127772.0,85.12899999999999,43.0,17.85,11.69,23313.199,5.7,370.94599999999997,9.74,22.9,37.1,,6.892,76.05,0.828,,,,,54.63,4.03097018792034,69
125619,RUS,Europe,Russia,2020-12-31,3127347.0,27329.0,27521.714,56271.0,579.0,548.143,21433.1,187.298,188.61900000000003,385.65,3.968,3.7569999999999997,0.96,,,,,,,,,91123132.0,474243.0,624.507,3.25,432679.0,2.965,0.0636,15.7,tests performed,,,,,,68000.0,,,,,466.0,68000.0,0.047,47.69,145912022.0,8.823,39.6,14.177999999999999,9.392999999999999,24765.953999999998,0.1,431.29699999999997,6.18,23.4,58.3,,8.05,72.58,0.8240000000000001,372783.7,21.11,56.3,2554.85253984075,47.69,3.9009101164063122,77
126350,RWA,Africa,Rwanda,2020-12-31,8383.0,133.0,101.85700000000001,92.0,6.0,3.286,631.4159999999999,10.017999999999999,7.672000000000001,6.93,0.452,0.247,1.17,,,,,,,,,725804.0,3409.0,54.668,0.257,3548.0,0.267,0.0287,34.8,samples tested,,,,,,,,,,,,,,61.11,13276517.0,494.869,20.3,2.9739999999999998,1.642,1854.211,56.0,191.375,4.28,4.7,21.0,4.617,,69.02,0.5429999999999999,,,,,63.89,4.166450057828378,79
126904,SHN,Africa,Saint Helena,2020-12-31,4.0,0.0,0.0,,,,656.2760000000001,0.0,0.0,,,,,,,,,,,,,,,,,,,,,,,,,,,,,,,,,,,,6095.0,,,,,,,,,,,,,80.56,,,,,,,,250
127624,KNA,North America,Saint Kitts and Nevis,2020-12-31,32.0,0.0,0.28600000000000003,,,,597.617,0.0,5.336,,,,,,,,,,,,,,,,,,,,,,,,,,,,,,,,,,,,53546.0,212.865,,,,24654.385,,,12.84,,,,2.3,76.23,0.779,12.2,3.33,8.11,227.841482090165,,,84
128355,LCA,North America,Saint Lucia,2020-12-31,353.0,13.0,6.857,5.0,0.0,0.0,1914.306,70.499,37.186,27.115,0.0,0.0,1.15,,,,,,,,,,,,,,,,,,,,,,,,,,,,,,,,184401.0,293.187,34.9,9.721,6.405,12951.839,,204.62,11.62,,,87.20200000000001,1.3,76.2,0.759,,,,,,,73
129064,SPM,North America,Saint Pierre and Miquelon,2020-12-31,16.0,0.0,0.14300000000000002,,,,2772.4829999999997,0.0,24.754,,,,,,,,,,,,,,,,,,,,,,,,,,,,,,,,,,,,5771.0,,,,,,,,,,,,,81.07,,,,,,,,95
129795,VCT,North America,Saint Vincent and the Grenadines,2020-12-31,121.0,6.0,1.857,,,,1087.455,53.923,16.691,,,,0.91,,,,,,,,,,,,,,,,,,,,,,,,,,,,,,,,111269.0,281.78700000000003,31.8,7.724,4.832,10727.146,,252.675,11.62,,,,2.6,72.53,0.738,,,,,,,73
130277,WSM,Oceania,Samoa,2020-12-31,2.0,0.0,0.0,,,,9.993,0.0,0.0,,,,,,,,,,,,,,,,,,,,,,,,,,,,,,,,,,,,200144.0,69.413,22.0,5.606,3.5639999999999996,6021.557,,348.977,9.21,16.7,38.1,,,73.32,0.715,,,,,,,322
131022,SMR,Europe,San Marino,2020-12-31,2333.0,0.0,18.143,59.0,0.0,0.429,68597.47099999999,0.0,533.457,1734.7839999999999,0.0,12.600999999999999,1.06,,,,,,,,,,,,,,,,,,,,,,,,,,,,,,,75.93,34010.0,556.6669999999999,,,,56861.47,,,5.64,,,,3.8,84.97,,83.6,32.23,104.55,2458.10055865922,41.67,3.8832297745606748,59
131730,STP,Africa,Sao Tome and Principe,2020-12-31,1014.0,0.0,0.28600000000000003,17.0,0.0,0.0,4539.675,0.0,1.2790000000000001,76.109,0.0,0.0,0.44,,,,,,,,,,,,,,,,,,,,,,,,,,,,,,,,223364.0,212.84099999999998,18.7,2.886,2.162,3052.7140000000004,32.3,270.113,2.42,,,41.34,2.9,70.39,0.625,,,,,,,96
132473,SAU,Asia,Saudi Arabia,2020-12-31,362741.0,140.0,145.143,6223.0,9.0,9.142999999999999,10264.121,3.9610000000000003,4.107,176.08599999999998,0.255,0.259,0.89,,,,,,,,,11046767.0,36383.0,312.579,1.0290000000000001,32077.0,0.9079999999999999,0.0045,221.0,tests performed,,,,,,,,,,,,,,56.48,35340680.0,15.322000000000001,31.9,3.295,1.845,49045.41099999999,,259.538,17.72,1.8,25.4,,2.7,75.13,0.8540000000000001,,,,,55.56,4.091648030706002,71
133219,SEN,Africa,Senegal,2020-12-31,19140.0,195.0,134.286,410.0,8.0,4.143,1113.03,11.34,7.809,23.842,0.465,0.24100000000000002,1.27,,,,,,,,,277749.0,1402.0,16.152,0.08199999999999999,1296.0,0.075,0.1036,9.7,tests performed,,,,,,,,,,,,,,43.52,17196308.0,82.32799999999999,18.7,3.008,1.796,2470.58,38.0,241.21900000000002,2.42,0.4,16.6,20.859,,67.94,0.512,,,,,32.41,3.586269842935433,74
133967,SRB,Europe,Serbia,2020-12-31,337923.0,2932.0,3082.7140000000004,3211.0,48.0,47.0,49177.136,426.68699999999995,448.62,467.289,6.985,6.84,0.73,271.0,39.438,8765.0,1275.55,,,,,2296303.0,12897.0,334.176,1.8769999999999998,13273.0,1.932,0.2323,4.3,people tested,,,,,,,,,,,,,,60.19,6871547.0,80.291,41.2,17.366,,14048.881000000001,,439.415,10.08,37.7,40.2,97.719,5.609,76.0,0.8059999999999999,15894.6,15.71,95.79,2313.10358497148,51.85,3.8946783104055944,70
134697,SYC,Africa,Seychelles,2020-12-31,226.0,0.0,2.1430000000000002,,,,2284.905,0.0,21.665,,,,0.79,,,,,,,,,,,,,,,,,,,,,,,,,,,,,,,31.48,98910.0,208.354,36.2,8.606,5.586,26382.287,1.1,242.648,10.55,7.1,35.7,,3.6,73.4,0.7959999999999999,-171.0,-20.38,-8.83,-1728.8444040036402,65.74,4.04499836521013,74
135411,SLE,Africa,Sierra Leone,2020-12-31,2611.0,28.0,11.429,76.0,0.0,0.0,320.709,3.4389999999999996,1.4040000000000001,9.335,0.0,0.0,1.53,,,,,,,,,,,,,,,,,,,,,,,,,,,,,,,37.04,8141343.0,104.7,19.1,2.5380000000000003,1.285,1390.3,52.2,325.721,2.42,8.8,41.3,19.275,,54.7,0.452,,,,,40.74,3.775071605573932,102
136193,SGP,Asia,Singapore,2020-12-31,58599.0,30.0,14.857000000000001,29.0,0.0,0.0,10745.011999999999,5.501,2.7239999999999998,5.318,0.0,0.0,1.43,1.0,0.183,56.0,10.267999999999999,,,,,,,,,,,,,,131.0,131.0,,,6.0,6.0,0.0,0.0,,,1.0,6.0,0.0,45.37,5453600.0,7915.731,42.4,12.922,7.0489999999999995,85535.383,,92.243,10.99,5.2,28.3,,2.4,83.62,0.938,22.0,0.1,-0.79,4.03403256564472,50.93,3.927313709612314,27
137227,SVK,Europe,Slovakia,2020-12-31,274603.0,11915.0,5501.571,2138.0,73.0,58.0,50392.621,2186.531,1009.5980000000001,392.346,13.395999999999999,10.644,1.17,237.0,43.492,2163.0,396.934,,,,,3244664.0,93812.0,595.431,17.215999999999998,51492.0,9.449,0.122,8.2,tests performed,,,,,,,,,,,,,,58.33,5449270.0,113.12799999999999,41.2,15.07,9.167,30155.152000000002,0.7,287.959,7.29,23.1,37.7,,5.82,77.54,0.86,,,,,51.85,3.988448465221282,69
137999,SVN,Europe,Slovenia,2020-12-31,122152.0,2412.0,1447.286,2697.0,32.0,31.143,58763.0,1160.328,696.238,1297.431,15.394,14.982000000000001,1.11,191.0,91.883,1174.0,564.77,,,,,678496.0,4073.0,326.4,1.959,3772.0,1.815,0.305,3.3,tests performed,11491.0,11491.0,,,1858.0,1323.0,0.55,0.55,,,636.0,1323.0,0.064,81.48,2078723.0,102.619,44.5,19.062,12.93,31400.84,,153.493,7.25,20.1,25.0,,4.5,81.32,0.917,,,,,50.0,3.9736328745435463,65
138518,SLB,Oceania,Solomon Islands,2020-12-31,17.0,0.0,0.0,,,,24.148000000000003,0.0,0.0,,,,,,,,,,,,,,,,,,,,,,,,,,,,,,,,,,,33.33,703995.0,21.840999999999998,20.8,3.5069999999999997,2.043,2205.923,25.1,459.78,18.68,,,35.89,1.4,73.0,0.5670000000000001,,,,,33.33,3.63150338088497,285
139247,SOM,Africa,Somalia,2020-12-31,4714.0,0.0,3.429,130.0,0.0,0.429,288.151,0.0,0.21,7.946000000000001,0.0,0.026000000000000002,0.46,,,,,,,,,,,,,,,,,,,,,,,,,,,,,,,37.96,16359500.0,23.5,16.8,2.7310000000000003,1.496,,,365.769,6.05,,,9.831,0.9,57.4,,,,,,35.19,3.6194661532830485,100
140014,ZAF,Africa,South Africa,2020-12-31,1057161.0,18000.0,12656.857,28469.0,436.0,355.14300000000003,17607.026,299.79,210.8,474.151,7.2620000000000005,5.915,1.26,,,,,,,,,6609208.0,55447.0,110.07600000000001,0.9229999999999999,40489.0,0.674,0.3126,3.2,people tested,,,,,,,,,,,,,,50.93,60041996.0,46.754,27.3,5.343999999999999,3.053,12294.876,18.9,200.38,5.52,8.1,33.2,43.993,2.32,64.13,0.7090000000000001,,,,,50.93,3.9980975900055187,75
140766,OWID_SAM,,South America,2020-12-31,13199247.0,93877.0,63888.429000000004,418164.0,1742.0,1317.0,30394.792999999998,216.17700000000002,147.12,962.934,4.011,3.033,,,,,,,,,,,,,,,,,,,40662.0,8649.0,,,0.0,16832.0,0.01,0.0,,,39.0,1176.0,0.0,,434260137.0,,,,,,,,,,,,,,,,,,,,,74
141549,KOR,Asia,South Korea,2020-12-31,61769.0,1029.0,999.857,917.0,17.0,20.570999999999998,1203.952,20.055999999999997,19.488,17.873,0.331,0.401,0.92,344.0,6.705,,,,,,,4809285.0,95082.0,93.73899999999999,1.8530000000000002,87932.0,1.714,0.0114,87.9,people tested,,,,,,,,,,,,,,68.98,51305184.0,527.967,43.4,13.914000000000001,8.622,35938.373999999996,0.2,85.99799999999999,6.8,6.2,40.9,,12.27,83.03,0.9159999999999999,,,,,50.93,3.9396725046710337,50
142258,SSD,Africa,South Sudan,2020-12-31,3558.0,18.0,14.714,63.0,0.0,0.14300000000000002,312.616,1.5819999999999999,1.2930000000000001,5.535,0.0,0.013000000000000001,0.82,,,,,,,,,76232.0,260.0,6.6979999999999995,0.023,282.0,0.025,0.0522,19.2,tests performed,,,,,,,,,,,,,,46.3,11381377.0,,19.2,3.4410000000000003,2.032,1569.888,,280.775,10.43,,,,,57.85,0.433,,,,,47.22,3.9792776188180423,118
143031,ESP,Europe,Spain,2020-12-31,1928265.0,18047.0,10473.429,50837.0,148.0,144.714,41250.536,386.07199999999995,224.054,1087.5339999999999,3.1660000000000004,3.096,1.31,2026.0,43.341,9491.0,203.037,824.0,17.627,7662.0,163.91,22852228.0,131214.0,488.86800000000005,2.807,117118.0,2.505,0.126,7.9,tests performed,,,,,,,,,,,,,,78.7,46745211.0,93.105,45.5,19.436,13.799000000000001,34272.36,1.0,99.40299999999999,7.17,27.4,31.4,,2.97,83.56,0.904,,,,,60.65,4.046026555749428,60
143809,LKA,Asia,Sri Lanka,2020-12-31,43299.0,597.0,581.143,204.0,5.0,2.714,2014.1589999999999,27.771,27.033,9.49,0.233,0.126,0.98,,,,,,,,,1250417.0,14243.0,58.166000000000004,0.6629999999999999,11838.0,0.551,0.0491,20.4,tests performed,,,,,,,,,,,,,,78.24,21497306.0,341.955,34.1,10.068999999999999,5.331,11669.077,0.7,197.093,10.68,0.3,27.0,,3.6,76.98,0.782,,,,,58.33,4.10966627176893,75
144541,SDN,Africa,Sudan,2020-12-31,25500.0,262.0,206.0,1468.0,0.0,0.0,567.81,5.834,4.587,32.688,0.0,0.0,0.86,,,,,,,,,,,,,,,,,,,,,,,,,,,,,,,28.7,44909351.0,23.258000000000003,19.7,3.548,2.0340000000000003,4466.5070000000005,,431.38800000000003,15.67,,,23.436999999999998,0.8,65.31,0.51,,,,,26.85,3.669450477931714,108
145272,SUR,South America,Suriname,2020-12-31,6210.0,29.0,57.143,122.0,1.0,0.5710000000000001,10493.445,49.003,96.55799999999999,206.15099999999998,1.69,0.966,1.35,,,,,,,,,10118.0,368.0,17.097,0.622,138.0,0.233,0.207,4.8,tests performed,,,,,,,,,,,,,,67.59,591798.0,3.612,29.6,6.933,4.229,13767.118999999999,,258.314,12.54,7.4,42.9,67.779,3.1,71.68,0.738,,,,,70.37,4.275426989279696,73
146045,SWE,Europe,Sweden,2020-12-31,437379.0,0.0,5904.429,8727.0,0.0,64.0,43048.44,0.0,581.135,858.943,0.0,6.2989999999999995,1.39,336.0,33.07,2906.0,286.019,,,,,4179271.0,29221.0,411.339,2.8760000000000003,31319.0,3.083,0.1885,5.3,tests performed,,,,,,,,,,,,,,69.44,10160159.0,24.718000000000004,41.0,19.985,13.433,46949.282999999996,0.5,133.982,4.79,18.8,18.9,,2.22,82.8,0.945,,,,,55.56,3.9018844300001976,58
146794,CHE,Europe,Switzerland,2020-12-31,452296.0,4391.0,3442.7140000000004,7873.0,77.0,83.714,51895.624,503.815,395.01099999999997,903.334,8.835,9.605,1.0,424.0,48.648999999999994,2580.0,296.025,,,1100.0,126.212,3288429.0,23575.0,377.30800000000005,2.705,21602.0,2.479,0.162,6.2,tests performed,6382.0,6280.0,12.0,,253.0,812.0,0.07,0.07,0.0,,93.0,801.0,0.009000000000000001,60.19,8715494.0,214.243,43.1,18.436,12.644,57410.166,,99.73899999999999,5.59,22.6,28.9,,4.53,83.78,0.955,,,,,50.0,3.912300178808308,59
147517,SYR,Asia,Syria,2020-12-31,11434.0,90.0,104.714,711.0,7.0,8.429,625.639,4.925,5.73,38.904,0.38299999999999995,0.461,0.89,,,,,,,,,,,,,,,,,,,,,,,,,,,,,,,39.35,18275704.0,,21.7,,2.577,,,376.264,,,,70.598,1.5,72.7,0.5670000000000001,,,,,53.24,3.92121905340472,95
148304,TWN,Asia,Taiwan,2020-12-31,799.0,2.0,3.286,7.0,0.0,0.0,33.494,0.084,0.138,0.293,0.0,0.0,0.95,,,,,,,,,60509.0,507.0,2.537,0.021,292.0,0.012,0.0113,88.9,people tested,,,,,,,,,,,,,,19.44,23855008.0,,42.2,,8.353,,,103.95700000000001,,,,,,80.46,,-5737.8,-3.21,2.84,-240.528110491516,25.0,3.4795053719744757,50
148987,TJK,Asia,Tajikistan,2020-12-31,13665.0,3.0,32.286,90.0,0.0,0.14300000000000002,1401.592,0.308,3.3110000000000004,9.231,0.0,0.015,0.38,,,,,,,,,,,,,,,,,,,,,,,,,,,,,,,42.59,9749625.0,64.281,23.3,3.466,2.155,2896.913,4.8,427.69800000000004,7.11,,,72.704,4.8,71.1,0.6679999999999999,9879.4,30.17,0.38,1013.31076836289,35.19,3.617428273448761,121
149716,TZA,Africa,Tanzania,2020-12-31,509.0,0.0,0.0,21.0,0.0,0.0,8.277000000000001,0.0,0.0,0.341,0.0,0.0,0.0,,,,,,,,,,,,,,,,,,,,,,,,,,,,,,,6.48,61498438.0,64.699,17.7,3.108,1.874,2683.304,49.1,217.28799999999998,5.75,3.3,26.7,47.953,0.7,65.46,0.529,,,,,13.89,2.9261807510476716,105
150517,THA,Asia,Thailand,2020-12-31,6884.0,194.0,150.714,61.0,0.0,0.14300000000000002,98.412,2.773,2.155,0.872,0.0,0.002,1.42,,,,,,,,,1634168.0,13734.0,23.362,0.196,18889.0,0.27,0.008,125.3,tests performed,,,,,,,,,,,,,,63.89,69950844.0,135.132,40.1,11.373,6.89,16277.671,0.1,109.861,7.04,1.9,38.8,90.67,2.1,77.15,0.777,3376.0,0.68,9.12,48.2624627088131,52.78,3.9271379104034336,71
151240,TLS,Asia,Timor,2020-12-31,44.0,0.0,0.429,,,,32.741,0.0,0.319,,,,,,,,,,,,,,,,,,,,,,,,,,,,,,,,,,,52.78,1343875.0,87.176,18.0,3.556,1.8969999999999998,6570.102,30.3,335.346,6.86,6.3,78.1,28.178,5.9,69.5,0.606,,,,,45.834999999999994,3.8854482825009953,100
151981,TGO,Africa,Togo,2020-12-31,3633.0,22.0,16.143,68.0,0.0,0.0,428.509,2.595,1.9040000000000001,8.021,0.0,0.0,1.11,,,,,,,,,179171.0,841.0,21.133000000000003,0.099,890.0,0.105,0.0181,55.1,tests performed,,,,,,,,,,,,,,66.67,8478242.0,143.366,19.4,2.839,1.525,1429.8129999999999,49.2,280.033,6.15,0.9,14.2,10.475,0.7,61.04,0.515,,,,,48.15,3.8777941630075707,79
153155,TTO,North America,Trinidad and Tobago,2020-12-31,7150.0,18.0,8.714,127.0,1.0,0.28600000000000003,5094.8640000000005,12.825999999999999,6.21,90.49600000000001,0.713,0.204,0.84,,,,,,,,,72322.0,75.0,51.534,0.053,256.0,0.182,0.034,29.4,people tested,,,,,,,,,,,,,,68.52,1403374.0,266.88599999999997,36.2,10.014,5.819,28763.071,,228.467,10.97,,,89.443,3.0,73.51,0.7959999999999999,,,,,68.52,4.240462675806224,73
153896,TUN,Africa,Tunisia,2020-12-31,139140.0,1924.0,1769.714,4676.0,56.0,50.286,11657.402,161.196,148.27,391.764,4.692,4.213,1.13,,,,,,,,,,,,,,,,,,,,,,,,,,,,,,,71.3,11935764.0,74.22800000000001,32.7,8.001,5.075,10849.296999999999,2.0,318.991,8.52,1.1,65.8,78.687,2.3,76.7,0.74,3226.8,4.49,26.04,270.347168392405,62.04,3.99954688995223,72
154630,TUR,Asia,Turkey,2020-12-31,2208652.0,14380.0,15420.0,20881.0,239.0,252.28599999999997,25971.084,169.09099999999998,181.321,245.535,2.81,2.967,0.54,,,,,,,,,24464277.0,178217.0,287.67,2.096,182676.0,2.148,0.0844,11.8,tests performed,,,,,,,,,,,,,,80.09,85042736.0,104.914,31.6,8.152999999999999,5.061,25129.341,0.2,171.285,12.13,14.1,41.1,,2.81,77.69,0.82,,,,,63.89,4.1282355223698906,77
155530,TCA,North America,Turks and Caicos Islands,2020-12-31,893.0,19.0,11.857000000000001,6.0,0.0,0.0,22765.513,484.37300000000005,302.278,152.96,0.0,0.0,,,,,,,,,,,,,,,,,,,,,,,,,,,,,,,,,39226.0,37.312,,,,,,,,,,,,80.22,,,,,,,,87
156433,UGA,Africa,Uganda,2020-12-31,35216.0,539.0,328.85699999999997,251.0,0.0,0.857,747.312,11.437999999999999,6.979,5.3260000000000005,0.0,0.018000000000000002,0.8,,,,,,,,,750583.0,3449.0,15.927999999999999,0.073,2913.0,0.062,0.1129,8.9,tests performed,,,,,,,,,,,,,,47.22,47123533.0,213.75900000000001,16.4,2.168,1.308,1697.707,41.6,213.333,2.5,3.4,16.7,21.221999999999998,0.5,63.37,0.544,,,,,73.15,4.200341277135903,93
157175,UKR,Europe,Ukraine,2020-12-31,1086997.0,10117.0,8124.571,19281.0,223.0,174.857,25007.51,232.752,186.91400000000002,443.58,5.13,4.023,0.83,,,,,,,,,,,,,28680.0,0.66,0.2833,3.5,tests performed,,,,,,,,,,,,,,54.63,43466822.0,77.39,41.4,16.462,11.133,7894.393,0.1,539.849,7.11,13.5,47.4,,8.8,72.06,0.779,39567.8,6.85,35.38,910.298894177265,58.33,4.1096123349781495,80
157951,ARE,Asia,United Arab Emirates,2020-12-31,207822.0,1730.0,1341.0,669.0,4.0,3.1430000000000002,20800.748,173.15400000000002,134.22,66.96,0.4,0.315,1.23,,,,,,,,,20890341.0,146721.0,2090.899,14.685,143511.0,14.364,0.0093,107.0,tests performed,,,,,,,,,,,,,,49.07,9991083.0,112.44200000000001,34.0,1.1440000000000001,0.526,67293.483,,317.84,17.26,1.2,37.4,,1.2,77.97,0.89,,,,,54.63,3.9706679856019433,52
158725,GBR,Europe,United Kingdom,2020-12-31,2491790.0,55904.0,42915.0,73569.0,964.0,555.571,36532.7,819.6210000000001,629.187,1078.612,14.133,8.145,1.28,2122.0,31.111,26578.0,389.666,,,20180.0,295.86400000000003,49119121.0,501842.0,720.1469999999999,7.358,373372.0,5.474,0.1149,8.7,tests performed,,,,,,,,,,,,,,79.63,68207114.0,272.89799999999997,40.8,18.517,12.527000000000001,39753.244,0.2,122.137,4.28,20.0,24.7,,2.54,81.32,0.932,,,,,62.5,4.0635125617800405,60
159508,USA,North America,United States,2020-12-31,20191989.0,315183.0,199078.143,351754.0,3327.0,2515.571,60652.072,946.737,597.985,1056.588,9.994,7.556,1.09,27748.0,83.34899999999999,123346.0,370.50300000000004,,,108010.0,324.437,257844794.0,1925258.0,774.5060000000001,5.7829999999999995,1476890.0,4.436,0.146,6.8,tests performed,5645381.0,5508156.0,40619.0,,420133.0,403783.0,1.7,1.66,0.01,,1216.0,393722.0,0.11900000000000001,71.76,332915074.0,35.608000000000004,38.3,15.413,9.732000000000001,54225.445999999996,1.2,151.089,10.79,19.1,24.6,,2.77,78.86,0.9259999999999999,,,,,61.57,4.06092189760596,66
160291,OWID_UMC,,Upper middle income,2020-12-31,25097304.0,195371.0,154540.0,714170.0,4342.0,3648.7140000000004,9984.315999999999,77.723,61.48,284.11400000000003,1.7269999999999999,1.452,,,,,,,,,,,,,,,,,,,4623963.0,91950.0,,,13981.0,279302.0,0.18,0.0,,,111.0,76146.0,0.003,,2513672790.0,,,,,,,,,,,,,,,,,,,,,26
161023,URY,South America,Uruguay,2020-12-31,19119.0,639.0,523.143,181.0,7.0,6.571000000000001,5485.844,183.34900000000002,150.106,51.935,2.009,1.886,1.13,,,,,,,,,639198.0,6779.0,183.40599999999998,1.945,6187.0,1.775,0.0846,11.8,people tested,,,,,,,,,,,,,,70.37,3485152.0,19.750999999999998,35.6,14.655,10.360999999999999,20551.409,0.1,160.708,6.93,14.0,19.9,,2.8,77.91,0.8170000000000001,-2292.4,-6.56,6.03,-657.761842238158,55.56,3.9456805273309885,72
161753,UZB,Asia,Uzbekistan,2020-12-31,77060.0,75.0,86.286,614.0,0.0,0.28600000000000003,2270.761,2.21,2.543,18.093,0.0,0.008,0.73,,,,,,,,,,,,,,,,,,,,,,,,,,,,,,,42.59,33935765.0,76.134,28.2,4.468999999999999,2.873,6253.104,,724.4169999999999,7.57,1.3,24.7,,4.0,71.72,0.72,18673.0,11.9,5.68,550.245441645414,44.44,3.9438094906857026,80
162243,VUT,Oceania,Vanuatu,2020-12-31,1.0,0.0,0.0,,,,3.18,0.0,0.0,,,,,,,,,,,,,,,,,,,,,,,,,,,,,,,,,,,22.22,314464.0,22.662,23.1,4.394,2.62,2921.909,13.2,546.3,12.02,2.8,34.5,25.209,,70.47,0.609,,,,,22.22,3.1441716310536227,314
162982,VAT,Europe,Vatican,2020-12-31,27.0,0.0,0.0,,,,33251.232,0.0,0.0,,,,,,,,,,,,,,,,,,,,,,,,,,,,,,,,,,,,812.0,,,,,,,,,,,,,75.12,,,,,,,,65
163713,VEN,South America,Venezuela,2020-12-31,113558.0,437.0,330.42900000000003,1028.0,3.0,3.1430000000000002,3956.0429999999997,15.224,11.511,35.813,0.105,0.109,0.99,,,,,,,,,,,,,,,,,,,,,,,,,,,,,,,84.26,28704947.0,36.253,29.0,6.614,3.915,16745.022,,204.85,6.47,,,,0.8,72.06,0.711,,,,,84.26,4.326276454514119,76
164495,VNM,Asia,Vietnam,2020-12-31,1465.0,9.0,4.7139999999999995,35.0,0.0,0.0,14.923,0.092,0.048,0.35700000000000004,0.0,0.0,1.2,,,,,,,,,,,,,,,,,,,,,,,,,,,,,,,55.09,98168829.0,308.127,32.6,7.15,4.718,6171.884,2.0,245.465,6.0,1.0,45.9,85.84700000000001,2.6,75.4,0.7040000000000001,,,,,67.13,4.179753917814164,81
165007,WLF,Oceania,Wallis and Futuna,2020-12-31,4.0,0.0,0.0,,,,360.555,0.0,0.0,,,,,,,,,,,,,,,,,,,,,,,,,,,,,,,,,,,,11094.0,,,,,,,,,,,,,79.94,,,,,,,,292
165790,OWID_WRL,,World,2020-12-31,83774189.0,830810.0,593982.1429999999,1881742.0,13252.0,11093.714,10638.038999999999,105.5,75.42699999999999,238.952,1.683,1.409,1.03,,,,,,,,,,,,,,,,,,11866203.0,7192375.0,41593.0,1.0,709913.0,906994.0,0.15,0.09,0.0,0.0,115.0,684652.0,0.009000000000000001,,7874965730.0,58.045,30.9,8.696,5.355,15469.207,10.0,233.07,8.51,6.434,34.635,60.13,2.705,72.58,0.737,,,,,,,29
166494,YEM,Asia,Yemen,2020-12-31,2099.0,2.0,1.0,610.0,0.0,0.5710000000000001,68.84100000000001,0.066,0.033,20.006,0.0,0.019,0.92,,,,,,,,,,,,,,,,,,,,,,,,,,,,,,,27.78,30490639.0,53.508,20.3,2.9219999999999997,1.5830000000000002,1479.1470000000002,18.8,495.00300000000004,5.35,7.6,29.2,49.542,0.7,66.12,0.47,,,,,27.78,3.4194327796766633,128
167221,ZMB,Africa,Zambia,2020-12-31,20725.0,263.0,213.0,388.0,2.0,1.0,1095.364,13.9,11.258,20.506999999999998,0.106,0.053,1.72,,,,,,,,,601003.0,9853.0,31.764,0.521,7844.0,0.415,0.0272,36.8,tests performed,,,,,,,,,,,,,,49.07,18920657.0,22.995,17.7,2.48,1.5419999999999998,3689.2509999999997,57.5,234.49900000000002,3.94,3.1,24.7,13.937999999999999,2.0,63.89,0.584,,,,,43.52,3.7591343899354555,86
167946,ZWE,Africa,Zimbabwe,2020-12-31,13867.0,242.0,154.429,363.0,3.0,3.429,918.821,16.035,10.232000000000001,24.052,0.19899999999999998,0.22699999999999998,1.67,,,,,,,,,216254.0,1677.0,14.329,0.111,1623.0,0.10800000000000001,0.0952,10.5,tests performed,,,,,,,,,,,,,,69.44,15092171.0,42.729,19.6,2.822,1.882,1899.775,21.4,307.846,1.82,1.6,30.7,36.791,1.7,61.49,0.5710000000000001,,,,,67.59,4.19504698842271,103
